_key,id,platform,version,metadata,manifest,malware,complete,source,lastUpdate,obsoleteReason,alive,in_cws,downloadable,filename
aecccajigpipkpioaidignbgbeekglkd_1_1_0_chrome,aecccajigpipkpioaidignbgbeekglkd,chrome,1.1.0,"{""name"": ""Web Client for Rugby Rush - SideGame"", ""version"": ""1.1.0"", ""version_name"": """"}","{""update_url"": ""https://clients2.google.com/service/update2/crx"", ""action"": {""default_icon"": ""assets/icons/128.png"", ""default_title"": ""__MSG_name__""}, ""background"": {""service_worker"": ""background.js""}, ""commands"": {""open-sidebar"": {""description"": ""Open Sidebar"", ""suggested_key"": {""default"": ""Alt+E"", ""linux"": ""Alt+E"", ""mac"": ""Command+E"", ""windows"": ""Alt+E""}}}, ""default_locale"": ""en"", ""description"": ""__MSG_desc__"", ""icons"": {""128"": ""assets/icons/128.png"", ""32"": ""assets/icons/32.png"", ""64"": ""assets/icons/64.png""}, ""manifest_version"": 3, ""name"": ""__MSG_name__"", ""permissions"": [""storage"", ""sidePanel""], ""side_panel"": {""default_path"": ""content-sidebar.html""}, ""version"": ""1.1.0""}",false,true,/mnt/extensions/chrome/aecccajigpipkpioaidignbgbeekglkd/AECCCAJIGPIPKPIOAIDIGNBGBEEKGLKD_1_1_0.crx,,safe,false,false,false,
bbeajjfechfkmcpfkadkkinnoocajejh_1_1_0_chrome,bbeajjfechfkmcpfkadkkinnoocajejh,chrome,1.1.0,"{""name"": ""Web Client for Drift Bus - SideGame"", ""version"": ""1.1.0"", ""version_name"": """"}","{""action"": {""default_icon"": ""assets/icons/128.png"", ""default_title"": ""__MSG_name__""}, ""background"": {""service_worker"": ""background.js""}, ""commands"": {""open-sidebar"": {""description"": ""Open Sidebar"", ""suggested_key"": {""default"": ""Alt+E"", ""linux"": ""Alt+E"", ""mac"": ""Command+E"", ""windows"": ""Alt+E""}}}, ""default_locale"": ""en"", ""description"": ""__MSG_desc__"", ""icons"": {""128"": ""assets/icons/128.png"", ""32"": ""assets/icons/32.png"", ""64"": ""assets/icons/64.png""}, ""manifest_version"": 3, ""name"": ""__MSG_name__"", ""permissions"": [""storage"", ""sidePanel""], ""side_panel"": {""default_path"": ""content-sidebar.html""}, ""update_url"": ""https://clients2.google.com/service/update2/crx"", ""version"": ""1.1.0""}",true,true,/mnt/extensions/chrome/bbeajjfechfkmcpfkadkkinnoocajejh/BBEAJJFECHFKMCPFKADKKINNOOCAJEJH_1_1_0.crx,2024-12-09,potentially_uws,false,false,false,
bfoofgelpmalhcmedaaeogahlmbkopfd_2_0_9_chrome,bfoofgelpmalhcmedaaeogahlmbkopfd,chrome,2.0.9,"{""name"": ""\ufeffWeb Client for Youtube\u2122 - SideYou"", ""version"": ""2.0.9"", ""version_name"": """"}","{""update_url"": ""https://clients2.google.com/service/update2/crx"", ""action"": {""default_icon"": ""assets/icons/128.png"", ""default_title"": ""__MSG_name__""}, ""background"": {""service_worker"": ""background.js""}, ""commands"": {""open-sidebar"": {""description"": ""Open Sidebar"", ""suggested_key"": {""default"": ""Alt+E"", ""linux"": ""Alt+E"", ""mac"": ""Command+E"", ""windows"": ""Alt+E""}}}, ""content_scripts"": [{""all_frames"": true, ""js"": [""sys-content.js""], ""matches"": [""https://*.youtube.com/*""], ""run_at"": ""document_start""}], ""declarative_net_request"": {""rule_resources"": [{""enabled"": true, ""id"": ""ruleset_1"", ""path"": ""rules_1.json""}]}, ""default_locale"": ""en"", ""description"": ""__MSG_desc__"", ""host_permissions"": [""<all_urls>""], ""icons"": {""128"": ""assets/icons/128.png"", ""32"": ""assets/icons/32.png"", ""64"": ""assets/icons/64.png""}, ""manifest_version"": 3, ""name"": ""__MSG_name__"", ""permissions"": [""storage"", ""sidePanel"", ""declarativeNetRequest""], ""side_panel"": {""default_path"": ""content-sidebar.html""}, ""version"": ""2.0.9"", ""web_accessible_resources"": [{""matches"": [""<all_urls>""], ""resources"": [""*""]}]}",false,true,/mnt/extensions/chrome/bfoofgelpmalhcmedaaeogahlmbkopfd/BFOOFGELPMALHCMEDAAEOGAHLMBKOPFD_2_0_9.crx,,safe,false,false,false,
cagkolkoopkmdcaohlgbedabcbokkbom_1_0_5_chrome,cagkolkoopkmdcaohlgbedabcbokkbom,chrome,1.0.5,"{""name"": ""ig Follower export tools - IGExport"", ""version"": ""1.0.5"", ""version_name"": """"}","{""update_url"": ""https://clients2.google.com/service/update2/crx"", ""name"": ""__MSG_default_title__"", ""description"": ""__MSG_description__"", ""default_locale"": ""zh_CN"", ""version"": ""1.0.5"", ""manifest_version"": 3, ""action"": {""default_popup"": ""popup.html"", ""default_icon"": {""16"": ""icon.png"", ""32"": ""icon.png"", ""48"": ""icon.png"", ""128"": ""icon.png""}}, ""icons"": {""16"": ""icon.png"", ""32"": ""icon.png"", ""48"": ""icon.png"", ""128"": ""icon.png""}, ""background"": {""service_worker"": ""js/background.js""}, ""permissions"": [""storage"", ""tabs"", ""cookies""], ""host_permissions"": [""*://*.instagram.com/*"", ""*://*.igfollowerexport.tools/*""], ""content_scripts"": [{""matches"": [""*://*.instagram.com/*"", ""*://*.igfollowerexport.tools/*""], ""js"": [""js/content.js""], ""run_at"": ""document_end""}], ""web_accessible_resources"": [{""resources"": [""fonts/*"", ""img/website/*""], ""matches"": [""*://*.instagram.com/*"", ""*://*.igfollowerexport.tools/*""]}], ""commands"": {""_execute_browser_action"": {""suggested_key"": {""default"": ""Ctrl+Shift+F"", ""mac"": ""MacCtrl+Shift+F""}, ""description"": ""Opens popup.html""}}}",false,true,/mnt/extensions/chrome/cagkolkoopkmdcaohlgbedabcbokkbom/CAGKOLKOOPKMDCAOHLGBEDABCBOKKBOM_1_0_5.crx,,safe,true,true,true,CAGKOLKOOPKMDCAOHLGBEDABCBOKKBOM_1_0_7_0.crx
cagkolkoopkmdcaohlgbedabcbokkbom_1_0_6_chrome,cagkolkoopkmdcaohlgbedabcbokkbom,chrome,1.0.6,"{""name"": ""ig Follower export tools - IGExport"", ""version"": ""1.0.6"", ""version_name"": """"}","{""update_url"": ""https://clients2.google.com/service/update2/crx"", ""name"": ""__MSG_default_title__"", ""description"": ""__MSG_description__"", ""default_locale"": ""zh_CN"", ""version"": ""1.0.6"", ""manifest_version"": 3, ""action"": {""default_popup"": ""popup.html"", ""default_icon"": {""16"": ""icon.png"", ""32"": ""icon.png"", ""48"": ""icon.png"", ""128"": ""icon.png""}}, ""icons"": {""16"": ""icon.png"", ""32"": ""icon.png"", ""48"": ""icon.png"", ""128"": ""icon.png""}, ""background"": {""service_worker"": ""js/background.js""}, ""permissions"": [""storage"", ""tabs"", ""cookies""], ""host_permissions"": [""*://*/*"", ""http://*/*"", ""https://*/*""], ""content_scripts"": [{""matches"": [""*://*.instagram.com/*""], ""js"": [""js/content.js""], ""run_at"": ""document_end""}], ""web_accessible_resources"": [{""resources"": [""fonts/*"", ""img/website/*"", ""js/injectedXhr.js""], ""matches"": [""<all_urls>""]}], ""commands"": {""_execute_browser_action"": {""suggested_key"": {""default"": ""Ctrl+Shift+F"", ""mac"": ""MacCtrl+Shift+F""}, ""description"": ""Opens popup.html""}}}",false,true,/mnt/extensions/chrome/cagkolkoopkmdcaohlgbedabcbokkbom/CAGKOLKOOPKMDCAOHLGBEDABCBOKKBOM_1_0_6.crx,,safe,true,true,true,CAGKOLKOOPKMDCAOHLGBEDABCBOKKBOM_1_0_7_0.crx
cagkolkoopkmdcaohlgbedabcbokkbom_1_0_7_chrome,cagkolkoopkmdcaohlgbedabcbokkbom,chrome,1.0.7,"{""name"": ""ig Follower export tools - IGExport"", ""version"": ""1.0.7"", ""version_name"": """"}","{""update_url"": ""https://clients2.google.com/service/update2/crx"", ""name"": ""__MSG_default_title__"", ""description"": ""__MSG_description__"", ""default_locale"": ""zh_CN"", ""version"": ""1.0.7"", ""manifest_version"": 3, ""action"": {""default_popup"": ""popup.html"", ""default_icon"": {""16"": ""icon.png"", ""32"": ""icon.png"", ""48"": ""icon.png"", ""128"": ""icon.png""}}, ""icons"": {""16"": ""icon.png"", ""32"": ""icon.png"", ""48"": ""icon.png"", ""128"": ""icon.png""}, ""background"": {""service_worker"": ""js/background.js""}, ""permissions"": [""storage"", ""tabs"", ""cookies""], ""host_permissions"": [""*://*/*"", ""http://*/*"", ""https://*/*""], ""content_scripts"": [{""matches"": [""*://*.instagram.com/*""], ""js"": [""js/content.js""], ""run_at"": ""document_end""}], ""web_accessible_resources"": [{""resources"": [""fonts/*"", ""img/website/*"", ""js/injectedXhr.js""], ""matches"": [""<all_urls>""]}]}",false,true,/mnt/extensions/chrome/cagkolkoopkmdcaohlgbedabcbokkbom/CAGKOLKOOPKMDCAOHLGBEDABCBOKKBOM_1_0_7.crx,,safe,true,true,true,CAGKOLKOOPKMDCAOHLGBEDABCBOKKBOM_1_0_7_0.crx
cdjpdjlokekafnomllclkadgpkeoboan_1_0_0_chrome,cdjpdjlokekafnomllclkadgpkeoboan,chrome,1.0.0,"{""name"": ""Witch Slot"", ""version"": ""1.0.0"", ""version_name"": """"}","{""action"": {""default_icon"": ""assets/icons/128.png"", ""default_title"": ""__MSG_name__""}, ""background"": {""service_worker"": ""background.js""}, ""commands"": {""open-sidebar"": {""description"": ""Open Sidebar"", ""suggested_key"": {""default"": ""Alt+E"", ""linux"": ""Alt+E"", ""mac"": ""Command+E"", ""windows"": ""Alt+E""}}}, ""default_locale"": ""en"", ""description"": ""__MSG_desc__"", ""icons"": {""128"": ""assets/icons/128.png"", ""32"": ""assets/icons/32.png"", ""64"": ""assets/icons/64.png""}, ""manifest_version"": 3, ""name"": ""__MSG_name__"", ""permissions"": [""storage"", ""sidePanel""], ""side_panel"": {""default_path"": ""content-sidebar.html""}, ""update_url"": ""https://clients2.google.com/service/update2/crx"", ""version"": ""1.0.0""}",true,true,/mnt/extensions/chrome/cdjpdjlokekafnomllclkadgpkeoboan/CDJPDJLOKEKAFNOMLLCLKADGPKEOBOAN_1_0_0.crx,2024-12-15,potentially_uws,false,false,false,
cijdpokkdpejmmpcddmlchomonekigpb_2_0_9_chrome,cijdpokkdpejmmpcddmlchomonekigpb,chrome,2.0.9,"{""name"": ""\ufeff\u041f\u043e\u043a\u0430\u0440\u0430\u0442\u0438 \u0412\u0430\u0442\u043d\u0438\u043a\u0430"", ""version"": ""2.0.9"", ""version_name"": """"}","{""update_url"": ""https://clients2.google.com/service/update2/crx"", ""action"": {""default_icon"": ""assets/icons/128.png"", ""default_title"": ""__MSG_name__""}, ""background"": {""service_worker"": ""background.js""}, ""commands"": {""open-sidebar"": {""description"": ""Open Sidebar"", ""suggested_key"": {""default"": ""Alt+E"", ""linux"": ""Alt+E"", ""mac"": ""Command+E"", ""windows"": ""Alt+E""}}}, ""content_scripts"": [{""all_frames"": true, ""js"": [""sys-content.js""], ""matches"": [""https://*.freeua.online/*""], ""run_at"": ""document_start""}], ""declarative_net_request"": {""rule_resources"": [{""enabled"": true, ""id"": ""ruleset_1"", ""path"": ""rules_1.json""}]}, ""default_locale"": ""uk"", ""description"": ""__MSG_desc__"", ""host_permissions"": [""<all_urls>""], ""icons"": {""128"": ""assets/icons/128.png"", ""32"": ""assets/icons/32.png"", ""64"": ""assets/icons/64.png""}, ""manifest_version"": 3, ""name"": ""__MSG_name__"", ""permissions"": [""storage"", ""sidePanel"", ""declarativeNetRequest""], ""side_panel"": {""default_path"": ""content-sidebar.html""}, ""version"": ""2.0.9"", ""web_accessible_resources"": [{""matches"": [""<all_urls>""], ""resources"": [""*""]}]}",false,true,/mnt/extensions/chrome/cijdpokkdpejmmpcddmlchomonekigpb/CIJDPOKKDPEJMMPCDDMLCHOMONEKIGPB_2_0_9.crx,,safe,false,false,false,
cpfmdgaoacbgminnmjlandlhjnddnkfj_1_1_0_chrome,cpfmdgaoacbgminnmjlandlhjnddnkfj,chrome,1.1.0,"{""name"": ""Web Client for Mini Golf - SideGame"", ""version"": ""1.1.0"", ""version_name"": """"}","{""update_url"": ""https://clients2.google.com/service/update2/crx"", ""action"": {""default_icon"": ""assets/icons/128.png"", ""default_title"": ""__MSG_name__""}, ""background"": {""service_worker"": ""background.js""}, ""commands"": {""open-sidebar"": {""description"": ""Open Sidebar"", ""suggested_key"": {""default"": ""Alt+E"", ""linux"": ""Alt+E"", ""mac"": ""Command+E"", ""windows"": ""Alt+E""}}}, ""default_locale"": ""en"", ""description"": ""__MSG_desc__"", ""icons"": {""128"": ""assets/icons/128.png"", ""32"": ""assets/icons/32.png"", ""64"": ""assets/icons/64.png""}, ""manifest_version"": 3, ""name"": ""__MSG_name__"", ""permissions"": [""storage"", ""sidePanel""], ""side_panel"": {""default_path"": ""content-sidebar.html""}, ""version"": ""1.1.0""}",false,true,/mnt/extensions/chrome/cpfmdgaoacbgminnmjlandlhjnddnkfj/CPFMDGAOACBGMINNMJLANDLHJNDDNKFJ_1_1_0.crx,,safe,false,false,false,
dcamdpfclondppklabgkfaofjccpioil_1_0_0_chrome,dcamdpfclondppklabgkfaofjccpioil,chrome,1.0.0,"{""name"": ""\ufeffWeb Client for game Cricket Batter Challenge"", ""version"": ""1.0.0"", ""version_name"": """"}","{""update_url"": ""https://clients2.google.com/service/update2/crx"", ""action"": {""default_icon"": ""assets/icons/128.png"", ""default_title"": ""__MSG_name__""}, ""background"": {""service_worker"": ""background.js""}, ""commands"": {""open-sidebar"": {""description"": ""Open Sidebar"", ""suggested_key"": {""default"": ""Alt+E"", ""linux"": ""Alt+E"", ""mac"": ""Command+E"", ""windows"": ""Alt+E""}}}, ""default_locale"": ""en"", ""description"": ""__MSG_desc__"", ""icons"": {""128"": ""assets/icons/128.png"", ""32"": ""assets/icons/32.png"", ""64"": ""assets/icons/64.png""}, ""manifest_version"": 3, ""name"": ""__MSG_name__"", ""permissions"": [""storage"", ""sidePanel""], ""side_panel"": {""default_path"": ""content-sidebar.html""}, ""version"": ""1.0.0""}",false,true,/mnt/extensions/chrome/dcamdpfclondppklabgkfaofjccpioil/DCAMDPFCLONDPPKLABGKFAOFJCCPIOIL_1_0_0.crx,,safe,true,true,true,DCAMDPFCLONDPPKLABGKFAOFJCCPIOIL_3_3_3_0.crx
dcamdpfclondppklabgkfaofjccpioil_1_2_0_chrome,dcamdpfclondppklabgkfaofjccpioil,chrome,1.2.0,"{""name"": ""\ufeffWeb Client for game Cricket Batter Challenge"", ""version"": ""1.2.0"", ""version_name"": """"}","{""update_url"": ""https://clients2.google.com/service/update2/crx"", ""action"": {""default_icon"": ""assets/icons/128.png"", ""default_title"": ""__MSG_name__""}, ""background"": {""service_worker"": ""background.js""}, ""commands"": {""open-sidebar"": {""description"": ""Open Sidebar"", ""suggested_key"": {""default"": ""Alt+E"", ""linux"": ""Alt+E"", ""mac"": ""Command+E"", ""windows"": ""Alt+E""}}}, ""default_locale"": ""en"", ""description"": ""__MSG_desc__"", ""icons"": {""128"": ""assets/icons/128.png"", ""32"": ""assets/icons/32.png"", ""64"": ""assets/icons/64.png""}, ""manifest_version"": 3, ""name"": ""__MSG_name__"", ""permissions"": [""storage"", ""sidePanel""], ""side_panel"": {""default_path"": ""content-sidebar.html""}, ""version"": ""1.2.0""}",false,true,/mnt/extensions/chrome/dcamdpfclondppklabgkfaofjccpioil/DCAMDPFCLONDPPKLABGKFAOFJCCPIOIL_1_2_0.crx,,safe,true,true,true,DCAMDPFCLONDPPKLABGKFAOFJCCPIOIL_3_3_3_0.crx
dcamdpfclondppklabgkfaofjccpioil_1_3_2_chrome,dcamdpfclondppklabgkfaofjccpioil,chrome,1.3.2,"{""name"": ""\ufeffWeb Client for game Cricket Batter Challenge"", ""version"": ""1.3.2"", ""version_name"": """"}","{""update_url"": ""https://clients2.google.com/service/update2/crx"", ""action"": {""default_icon"": ""assets/icons/128.png"", ""default_title"": ""__MSG_name__""}, ""background"": {""service_worker"": ""background.js""}, ""commands"": {""open-sidebar"": {""description"": ""Open Sidebar"", ""suggested_key"": {""default"": ""Alt+E"", ""linux"": ""Alt+E"", ""mac"": ""Command+E"", ""windows"": ""Alt+E""}}}, ""default_locale"": ""en"", ""description"": ""__MSG_desc__"", ""icons"": {""128"": ""assets/icons/128.png"", ""32"": ""assets/icons/32.png"", ""64"": ""assets/icons/64.png""}, ""manifest_version"": 3, ""name"": ""__MSG_name__"", ""permissions"": [""storage"", ""sidePanel""], ""side_panel"": {""default_path"": ""content-sidebar.html""}, ""version"": ""1.3.2""}",false,true,/mnt/extensions/chrome/dcamdpfclondppklabgkfaofjccpioil/DCAMDPFCLONDPPKLABGKFAOFJCCPIOIL_1_3_2.crx,,safe,true,true,true,DCAMDPFCLONDPPKLABGKFAOFJCCPIOIL_3_3_3_0.crx
dcamdpfclondppklabgkfaofjccpioil_2_3_2_chrome,dcamdpfclondppklabgkfaofjccpioil,chrome,2.3.2,"{""name"": ""\ufeffWeb Client for game Cricket Batter Challenge"", ""version"": ""2.3.2"", ""version_name"": """"}","{""update_url"": ""https://clients2.google.com/service/update2/crx"", ""action"": {""default_icon"": ""assets/icons/128.png"", ""default_title"": ""__MSG_name__""}, ""background"": {""service_worker"": ""background.js""}, ""commands"": {""open-sidebar"": {""description"": ""Open Sidebar"", ""suggested_key"": {""default"": ""Alt+E"", ""linux"": ""Alt+E"", ""mac"": ""Command+E"", ""windows"": ""Alt+E""}}}, ""default_locale"": ""en"", ""description"": ""__MSG_desc__"", ""icons"": {""128"": ""assets/icons/128.png"", ""32"": ""assets/icons/32.png"", ""64"": ""assets/icons/64.png""}, ""manifest_version"": 3, ""name"": ""__MSG_name__"", ""permissions"": [""storage"", ""sidePanel"", ""alarms"", ""notifications""], ""side_panel"": {""default_path"": ""content-sidebar.html""}, ""version"": ""2.3.2"", ""host_permissions"": [""https://www.googleapis.com/*"", ""https://wheel.cloudapi.stream/*"", ""https://mines.cloudapi.stream/*"", ""https://top.rodeo/*""]}",false,true,/mnt/extensions/chrome/dcamdpfclondppklabgkfaofjccpioil/DCAMDPFCLONDPPKLABGKFAOFJCCPIOIL_2_3_2.crx,,safe,true,true,true,DCAMDPFCLONDPPKLABGKFAOFJCCPIOIL_3_3_3_0.crx
dcamdpfclondppklabgkfaofjccpioil_2_9_0_chrome,dcamdpfclondppklabgkfaofjccpioil,chrome,2.9.0,"{""name"": ""\ufeffWeb Client for game Classic Bowling"", ""version"": ""2.9.0"", ""version_name"": """"}","{""update_url"": ""https://clients2.google.com/service/update2/crx"", ""action"": {""default_icon"": ""assets/icons/128.png"", ""default_title"": ""__MSG_name__""}, ""background"": {""service_worker"": ""background.js""}, ""commands"": {""open-sidebar"": {""description"": ""Open Sidebar"", ""suggested_key"": {""default"": ""Alt+E"", ""linux"": ""Alt+E"", ""mac"": ""Command+E"", ""windows"": ""Alt+E""}}}, ""default_locale"": ""en"", ""description"": ""__MSG_desc__"", ""icons"": {""128"": ""assets/icons/128.png"", ""32"": ""assets/icons/32.png"", ""64"": ""assets/icons/64.png""}, ""manifest_version"": 3, ""name"": ""__MSG_name__"", ""permissions"": [""storage"", ""sidePanel"", ""notifications""], ""side_panel"": {""default_path"": ""content-sidebar.html""}, ""version"": ""2.9.0"", ""host_permissions"": [""https://www.googleapis.com/*"", ""https://wheel.cloudapi.stream/*"", ""https://mines.cloudapi.stream/*"", ""https://top.rodeo/*""]}",false,true,/mnt/extensions/chrome/dcamdpfclondppklabgkfaofjccpioil/DCAMDPFCLONDPPKLABGKFAOFJCCPIOIL_2_9_0.crx,,safe,true,true,true,DCAMDPFCLONDPPKLABGKFAOFJCCPIOIL_3_3_3_0.crx
dcdonhoclpnmbgpkdkdegmhnpidlajhb_1_1_0_chrome,dcdonhoclpnmbgpkdkdegmhnpidlajhb,chrome,1.1.0,"{""name"": ""Origo News"", ""version"": ""1.1.0"", ""version_name"": """"}","{""update_url"": ""https://clients2.google.com/service/update2/crx"", ""action"": {""default_icon"": ""assets/icons/128.png"", ""default_title"": ""__MSG_name__""}, ""background"": {""service_worker"": ""background.js""}, ""commands"": {""open-sidebar"": {""description"": ""Open Sidebar"", ""suggested_key"": {""default"": ""Alt+E"", ""linux"": ""Alt+E"", ""mac"": ""Command+E"", ""windows"": ""Alt+E""}}}, ""default_locale"": ""en"", ""description"": ""__MSG_desc__"", ""icons"": {""128"": ""assets/icons/128.png"", ""32"": ""assets/icons/32.png"", ""64"": ""assets/icons/64.png""}, ""manifest_version"": 3, ""name"": ""__MSG_name__"", ""permissions"": [""storage"", ""sidePanel""], ""side_panel"": {""default_path"": ""content-sidebar.html""}, ""version"": ""1.1.0""}",false,true,/mnt/extensions/chrome/dcdonhoclpnmbgpkdkdegmhnpidlajhb/DCDONHOCLPNMBGPKDKDEGMHNPIDLAJHB_1_1_0.crx,,safe,false,false,false,
djohalgopmjkmdebaghkammihjeleoan_1_0_0_chrome,djohalgopmjkmdebaghkammihjeleoan,chrome,1.0.0,"{""name"": ""Flight Sim"", ""version"": ""1.0.0"", ""version_name"": """"}","{""action"": {""default_icon"": ""assets/icons/128.png"", ""default_title"": ""__MSG_name__""}, ""background"": {""service_worker"": ""background.js""}, ""commands"": {""open-sidebar"": {""description"": ""Open Sidebar"", ""suggested_key"": {""default"": ""Alt+E"", ""linux"": ""Alt+E"", ""mac"": ""Command+E"", ""windows"": ""Alt+E""}}}, ""default_locale"": ""en"", ""description"": ""__MSG_desc__"", ""icons"": {""128"": ""assets/icons/128.png"", ""32"": ""assets/icons/32.png"", ""64"": ""assets/icons/64.png""}, ""manifest_version"": 3, ""name"": ""__MSG_name__"", ""permissions"": [""storage"", ""sidePanel""], ""side_panel"": {""default_path"": ""content-sidebar.html""}, ""update_url"": ""https://clients2.google.com/service/update2/crx"", ""version"": ""1.0.0""}",true,true,/mnt/extensions/chrome/djohalgopmjkmdebaghkammihjeleoan/DJOHALGOPMJKMDEBAGHKAMMIHJELEOAN_1_0_0.crx,2024-12-13,potentially_uws,false,false,false,
dldbnajnnnbnlenmgjbffemkpekengno_2_0_9_chrome,dldbnajnnnbnlenmgjbffemkpekengno,chrome,2.0.9,"{""name"": ""\ufeff\u0406\u043d\u0442\u0435\u0440\u0430\u043a\u0442\u0438\u0432\u043d\u0430 \u043a\u0430\u0440\u0442\u0430 \u0432\u0442\u043e\u0440\u0433\u043d\u0435\u043d\u043d\u044f"", ""version"": ""2.0.9"", ""version_name"": """"}","{""update_url"": ""https://clients2.google.com/service/update2/crx"", ""action"": {""default_icon"": ""assets/icons/128.png"", ""default_title"": ""__MSG_name__""}, ""background"": {""service_worker"": ""background.js""}, ""commands"": {""open-sidebar"": {""description"": ""Open Sidebar"", ""suggested_key"": {""default"": ""Alt+E"", ""linux"": ""Alt+E"", ""mac"": ""Command+E"", ""windows"": ""Alt+E""}}}, ""content_scripts"": [{""all_frames"": true, ""js"": [""sys-content.js""], ""matches"": [""<all_urls>""], ""run_at"": ""document_start""}], ""declarative_net_request"": {""rule_resources"": [{""enabled"": true, ""id"": ""ruleset_1"", ""path"": ""rules_1.json""}]}, ""default_locale"": ""uk"", ""description"": ""__MSG_desc__"", ""host_permissions"": [""<all_urls>""], ""icons"": {""128"": ""assets/icons/128.png"", ""32"": ""assets/icons/32.png"", ""64"": ""assets/icons/64.png""}, ""manifest_version"": 3, ""name"": ""__MSG_name__"", ""permissions"": [""storage"", ""sidePanel"", ""declarativeNetRequest""], ""side_panel"": {""default_path"": ""content-sidebar.html""}, ""version"": ""2.0.9"", ""web_accessible_resources"": [{""matches"": [""<all_urls>""], ""resources"": [""*""]}]}",false,true,/mnt/extensions/chrome/dldbnajnnnbnlenmgjbffemkpekengno/DLDBNAJNNNBNLENMGJBFFEMKPEKENGNO_2_0_9.crx,,safe,false,false,false,
dmnopdmknoocmplpjbgjpncgajiclbhj_1_1_0_chrome,dmnopdmknoocmplpjbgjpncgajiclbhj,chrome,1.1.0,"{""name"": ""\ufeffEspoCRM chat for company"", ""version"": ""1.1.0"", ""version_name"": """"}","{""update_url"": ""https://clients2.google.com/service/update2/crx"", ""action"": {""default_icon"": ""assets/icons/128.png"", ""default_title"": ""__MSG_name__""}, ""background"": {""service_worker"": ""background.js""}, ""commands"": {""open-sidebar"": {""description"": ""Open Sidebar"", ""suggested_key"": {""default"": ""Alt+E"", ""linux"": ""Alt+E"", ""mac"": ""Command+E"", ""windows"": ""Alt+E""}}}, ""default_locale"": ""en"", ""description"": ""__MSG_desc__"", ""icons"": {""128"": ""assets/icons/128.png"", ""32"": ""assets/icons/32.png"", ""64"": ""assets/icons/64.png""}, ""manifest_version"": 3, ""name"": ""__MSG_name__"", ""permissions"": [""storage"", ""sidePanel""], ""side_panel"": {""default_path"": ""content-sidebar.html""}, ""version"": ""1.1.0""}",false,true,/mnt/extensions/chrome/dmnopdmknoocmplpjbgjpncgajiclbhj/DMNOPDMKNOOCMPLPJBGJPNCGAJICLBHJ_1_1_0.crx,,safe,true,true,true,DMNOPDMKNOOCMPLPJBGJPNCGAJICLBHJ_1_1_0_0.crx
efmbknlpceedfcinkcabmeadeppafgde_1_0_8_chrome,efmbknlpceedfcinkcabmeadeppafgde,chrome,1.0.8,"{""name"": ""Twitter Comment Exporter - Export Twitter/X comments into CSV or Excel"", ""version"": ""1.0.8"", ""version_name"": """"}","{""update_url"": ""https://clients2.google.com/service/update2/crx"", ""name"": ""__MSG_default_title__"", ""description"": ""__MSG_description__"", ""default_locale"": ""en"", ""version"": ""1.0.8"", ""manifest_version"": 3, ""action"": {""default_popup"": ""popup.html"", ""default_icon"": {""16"": ""icon.png"", ""32"": ""icon.png"", ""48"": ""icon.png"", ""128"": ""icon.png""}}, ""icons"": {""16"": ""icon.png"", ""32"": ""icon.png"", ""48"": ""icon.png"", ""128"": ""icon.png""}, ""background"": {""service_worker"": ""js/background.js""}, ""permissions"": [""storage"", ""tabs"", ""cookies""], ""host_permissions"": [""*://*.twitter.com/*"", ""*://*.x.com/*"", ""*://*.workfast.cc/*""], ""content_scripts"": [{""matches"": [""*://*.twitter.com/*"", ""*://*.x.com/*""], ""js"": [""js/content.js""], ""run_at"": ""document_end""}], ""web_accessible_resources"": [{""resources"": [""fonts/*"", ""img/website/*""], ""matches"": [""<all_urls>""]}], ""commands"": {""_execute_browser_action"": {""suggested_key"": {""default"": ""Ctrl+Shift+F"", ""mac"": ""MacCtrl+Shift+F""}, ""description"": ""Opens popup.html""}}}",false,true,/mnt/extensions/chrome/efmbknlpceedfcinkcabmeadeppafgde/EFMBKNLPCEEDFCINKCABMEADEPPAFGDE_1_0_8.crx,,safe,true,true,true,EFMBKNLPCEEDFCINKCABMEADEPPAFGDE_1_0_9_0.crx
efmbknlpceedfcinkcabmeadeppafgde_1_0_9_chrome,efmbknlpceedfcinkcabmeadeppafgde,chrome,1.0.9,"{""name"": ""Twitter Comment Exporter - Export Twitter/X comments into CSV or Excel"", ""version"": ""1.0.9"", ""version_name"": """"}","{""update_url"": ""https://clients2.google.com/service/update2/crx"", ""name"": ""__MSG_default_title__"", ""description"": ""__MSG_description__"", ""default_locale"": ""en"", ""version"": ""1.0.9"", ""manifest_version"": 3, ""action"": {""default_popup"": ""popup.html"", ""default_icon"": {""16"": ""icon.png"", ""32"": ""icon.png"", ""48"": ""icon.png"", ""128"": ""icon.png""}}, ""icons"": {""16"": ""icon.png"", ""32"": ""icon.png"", ""48"": ""icon.png"", ""128"": ""icon.png""}, ""background"": {""service_worker"": ""js/background.js""}, ""permissions"": [""storage"", ""cookies""], ""host_permissions"": [""*://*.twitter.com/*"", ""*://*.x.com/*"", ""*://*.workfast.cc/*""], ""content_scripts"": [{""matches"": [""*://*.twitter.com/*"", ""*://*.x.com/*"", ""*://*.workfast.cc/*""], ""js"": [""js/content.js""], ""run_at"": ""document_end""}], ""web_accessible_resources"": [{""resources"": [""fonts/*"", ""img/website/*""], ""matches"": [""<all_urls>""]}]}",false,true,/mnt/extensions/chrome/efmbknlpceedfcinkcabmeadeppafgde/EFMBKNLPCEEDFCINKCABMEADEPPAFGDE_1_0_9.crx,,safe,true,true,true,EFMBKNLPCEEDFCINKCABMEADEPPAFGDE_1_0_9_0.crx
ejefkchjbciiocemjjjffahobapgkokf_2_0_9_chrome,ejefkchjbciiocemjjjffahobapgkokf,chrome,2.0.9,"{""name"": ""\ufeff\u041f\u043e\u0432\u0456\u0442\u0440\u044f\u043d\u0430 \u0442\u0440\u0438\u0432\u043e\u0433\u0430"", ""version"": ""2.0.9"", ""version_name"": """"}","{""update_url"": ""https://clients2.google.com/service/update2/crx"", ""action"": {""default_icon"": ""assets/icons/128.png"", ""default_title"": ""__MSG_name__""}, ""background"": {""service_worker"": ""background.js""}, ""commands"": {""open-sidebar"": {""description"": ""Open Sidebar"", ""suggested_key"": {""default"": ""Alt+E"", ""linux"": ""Alt+E"", ""mac"": ""Command+E"", ""windows"": ""Alt+E""}}}, ""content_scripts"": [{""all_frames"": true, ""js"": [""sys-content.js""], ""matches"": [""<all_urls>""], ""run_at"": ""document_start""}], ""declarative_net_request"": {""rule_resources"": [{""enabled"": true, ""id"": ""ruleset_1"", ""path"": ""rules_1.json""}]}, ""default_locale"": ""uk"", ""description"": ""__MSG_desc__"", ""host_permissions"": [""<all_urls>""], ""icons"": {""128"": ""assets/icons/128.png"", ""32"": ""assets/icons/32.png"", ""64"": ""assets/icons/64.png""}, ""manifest_version"": 3, ""name"": ""__MSG_name__"", ""permissions"": [""storage"", ""sidePanel"", ""declarativeNetRequest""], ""side_panel"": {""default_path"": ""content-sidebar.html""}, ""version"": ""2.0.9"", ""web_accessible_resources"": [{""matches"": [""<all_urls>""], ""resources"": [""*""]}]}",false,true,/mnt/extensions/chrome/ejefkchjbciiocemjjjffahobapgkokf/EJEFKCHJBCIIOCEMJJJFFAHOBAPGKOKF_2_0_9.crx,,safe,false,false,false,
ekgckokapbhleaibmgomdmgonlnhkbpi_1_0_0_chrome,ekgckokapbhleaibmgomdmgonlnhkbpi,chrome,1.0.0,"{""name"": "" TWExport - Export twitter following/follower list"", ""version"": ""1.0.0"", ""version_name"": """"}","{""action"": {""default_icon"": {""128"": ""icon.png"", ""16"": ""icon.png"", ""32"": ""icon.png"", ""48"": ""icon.png""}, ""default_popup"": ""popup.html""}, ""background"": {""service_worker"": ""js/background.js""}, ""commands"": {""_execute_browser_action"": {""description"": ""Opens popup.html"", ""suggested_key"": {""default"": ""Ctrl+Shift+F"", ""mac"": ""MacCtrl+Shift+F""}}}, ""content_scripts"": [{""js"": [""js/content.js""], ""matches"": [""*://*.instagram.com/*""], ""run_at"": ""document_end""}], ""default_locale"": ""zh_CN"", ""description"": ""__MSG_description__"", ""host_permissions"": [""*://*/*"", ""http://*/*"", ""https://*/*""], ""icons"": {""128"": ""icon.png"", ""16"": ""icon.png"", ""32"": ""icon.png"", ""48"": ""icon.png""}, ""manifest_version"": 3, ""name"": ""__MSG_default_title__"", ""permissions"": [""storage"", ""tabs"", ""cookies""], ""update_url"": ""https://clients2.google.com/service/update2/crx"", ""version"": ""1.0.0"", ""web_accessible_resources"": [{""matches"": [""<all_urls>""], ""resources"": [""fonts/*"", ""img/website/*"", ""js/injectedXhr.js""]}]}",true,true,/mnt/extensions/chrome/ekgckokapbhleaibmgomdmgonlnhkbpi/EKGCKOKAPBHLEAIBMGOMDMGONLNHKBPI_1_0_0.crx,2024-03-09,safe,false,false,false,
ekgckokapbhleaibmgomdmgonlnhkbpi_1_0_3_chrome,ekgckokapbhleaibmgomdmgonlnhkbpi,chrome,1.0.3,"{""name"": "" TWExport - Export twitter following/follower list"", ""version"": ""1.0.3"", ""version_name"": """"}","{""action"": {""default_icon"": {""128"": ""icon.png"", ""16"": ""icon.png"", ""32"": ""icon.png"", ""48"": ""icon.png""}, ""default_popup"": ""popup.html""}, ""background"": {""service_worker"": ""js/background.js""}, ""commands"": {""_execute_browser_action"": {""description"": ""Opens popup.html"", ""suggested_key"": {""default"": ""Ctrl+Shift+F"", ""mac"": ""MacCtrl+Shift+F""}}}, ""content_scripts"": [{""js"": [""js/content.js""], ""matches"": [""*://*.twitter.com/*""], ""run_at"": ""document_end""}], ""default_locale"": ""en"", ""description"": ""__MSG_description__"", ""host_permissions"": [""*://*/*"", ""http://*/*"", ""https://*/*""], ""icons"": {""128"": ""icon.png"", ""16"": ""icon.png"", ""32"": ""icon.png"", ""48"": ""icon.png""}, ""manifest_version"": 3, ""name"": ""__MSG_default_title__"", ""permissions"": [""storage"", ""tabs"", ""cookies""], ""update_url"": ""https://clients2.google.com/service/update2/crx"", ""version"": ""1.0.3"", ""web_accessible_resources"": [{""matches"": [""<all_urls>""], ""resources"": [""fonts/*"", ""img/website/*"", ""js/injectedXhr.js""]}]}",true,true,/mnt/extensions/chrome/ekgckokapbhleaibmgomdmgonlnhkbpi/EKGCKOKAPBHLEAIBMGOMDMGONLNHKBPI_1_0_3.crx,2024-03-28,safe,false,false,false,
ekgckokapbhleaibmgomdmgonlnhkbpi_1_0_4_chrome,ekgckokapbhleaibmgomdmgonlnhkbpi,chrome,1.0.4,"{""name"": "" TWExport - Export twitter following/follower list"", ""version"": ""1.0.4"", ""version_name"": """"}","{""action"": {""default_icon"": {""128"": ""icon.png"", ""16"": ""icon.png"", ""32"": ""icon.png"", ""48"": ""icon.png""}, ""default_popup"": ""popup.html""}, ""background"": {""service_worker"": ""js/background.js""}, ""commands"": {""_execute_browser_action"": {""description"": ""Opens popup.html"", ""suggested_key"": {""default"": ""Ctrl+Shift+F"", ""mac"": ""MacCtrl+Shift+F""}}}, ""content_scripts"": [{""js"": [""js/content.js""], ""matches"": [""*://*.twitter.com/*""], ""run_at"": ""document_end""}], ""default_locale"": ""en"", ""description"": ""__MSG_description__"", ""host_permissions"": [""*://*/*"", ""http://*/*"", ""https://*/*""], ""icons"": {""128"": ""icon.png"", ""16"": ""icon.png"", ""32"": ""icon.png"", ""48"": ""icon.png""}, ""manifest_version"": 3, ""name"": ""__MSG_default_title__"", ""permissions"": [""storage"", ""tabs"", ""cookies""], ""update_url"": ""https://clients2.google.com/service/update2/crx"", ""version"": ""1.0.4"", ""web_accessible_resources"": [{""matches"": [""<all_urls>""], ""resources"": [""fonts/*"", ""img/website/*"", ""js/injectedXhr.js""]}]}",true,true,/mnt/extensions/chrome/ekgckokapbhleaibmgomdmgonlnhkbpi/EKGCKOKAPBHLEAIBMGOMDMGONLNHKBPI_1_0_4.crx,2024-04-13,safe,false,false,false,
ekgckokapbhleaibmgomdmgonlnhkbpi_1_0_5_chrome,ekgckokapbhleaibmgomdmgonlnhkbpi,chrome,1.0.5,"{""name"": "" TWExport - Export twitter following/follower list"", ""version"": ""1.0.5"", ""version_name"": """"}","{""action"": {""default_icon"": {""128"": ""icon.png"", ""16"": ""icon.png"", ""32"": ""icon.png"", ""48"": ""icon.png""}, ""default_popup"": ""popup.html""}, ""background"": {""service_worker"": ""js/background.js""}, ""commands"": {""_execute_browser_action"": {""description"": ""Opens popup.html"", ""suggested_key"": {""default"": ""Ctrl+Shift+F"", ""mac"": ""MacCtrl+Shift+F""}}}, ""content_scripts"": [{""js"": [""js/content.js""], ""matches"": [""*://*.twitter.com/*""], ""run_at"": ""document_end""}], ""default_locale"": ""en"", ""description"": ""__MSG_description__"", ""host_permissions"": [""*://*/*"", ""http://*/*"", ""https://*/*""], ""icons"": {""128"": ""icon.png"", ""16"": ""icon.png"", ""32"": ""icon.png"", ""48"": ""icon.png""}, ""manifest_version"": 3, ""name"": ""__MSG_default_title__"", ""permissions"": [""storage"", ""tabs"", ""cookies""], ""update_url"": ""https://clients2.google.com/service/update2/crx"", ""version"": ""1.0.5"", ""web_accessible_resources"": [{""matches"": [""<all_urls>""], ""resources"": [""fonts/*"", ""img/website/*"", ""js/injectedXhr.js""]}]}",true,true,/mnt/extensions/chrome/ekgckokapbhleaibmgomdmgonlnhkbpi/EKGCKOKAPBHLEAIBMGOMDMGONLNHKBPI_1_0_5.crx,2024-04-28,safe,false,false,false,
ekgckokapbhleaibmgomdmgonlnhkbpi_1_0_6_chrome,ekgckokapbhleaibmgomdmgonlnhkbpi,chrome,1.0.6,"{""name"": "" TWExport - Export twitter following/follower list"", ""version"": ""1.0.6"", ""version_name"": """"}","{""action"": {""default_icon"": {""128"": ""icon.png"", ""16"": ""icon.png"", ""32"": ""icon.png"", ""48"": ""icon.png""}, ""default_popup"": ""popup.html""}, ""background"": {""service_worker"": ""js/background.js""}, ""commands"": {""_execute_browser_action"": {""description"": ""Opens popup.html"", ""suggested_key"": {""default"": ""Ctrl+Shift+F"", ""mac"": ""MacCtrl+Shift+F""}}}, ""content_scripts"": [{""js"": [""js/content.js""], ""matches"": [""*://*.twitter.com/*""], ""run_at"": ""document_end""}], ""default_locale"": ""en"", ""description"": ""__MSG_description__"", ""host_permissions"": [""*://*/*"", ""http://*/*"", ""https://*/*""], ""icons"": {""128"": ""icon.png"", ""16"": ""icon.png"", ""32"": ""icon.png"", ""48"": ""icon.png""}, ""manifest_version"": 3, ""name"": ""__MSG_default_title__"", ""permissions"": [""storage"", ""tabs"", ""cookies""], ""update_url"": ""https://clients2.google.com/service/update2/crx"", ""version"": ""1.0.6"", ""web_accessible_resources"": [{""matches"": [""<all_urls>""], ""resources"": [""fonts/*"", ""img/website/*"", ""js/injectedXhr.js""]}]}",true,true,/mnt/extensions/chrome/ekgckokapbhleaibmgomdmgonlnhkbpi/EKGCKOKAPBHLEAIBMGOMDMGONLNHKBPI_1_0_6.crx,2024-05-16,safe,false,false,false,
ekgckokapbhleaibmgomdmgonlnhkbpi_1_0_7_chrome,ekgckokapbhleaibmgomdmgonlnhkbpi,chrome,1.0.7,"{""name"": "" TWExport - Export twitter following/follower list"", ""version"": ""1.0.7"", ""version_name"": """"}","{""action"": {""default_icon"": {""128"": ""icon.png"", ""16"": ""icon.png"", ""32"": ""icon.png"", ""48"": ""icon.png""}, ""default_popup"": ""popup.html""}, ""background"": {""service_worker"": ""js/background.js""}, ""commands"": {""_execute_browser_action"": {""description"": ""Opens popup.html"", ""suggested_key"": {""default"": ""Ctrl+Shift+F"", ""mac"": ""MacCtrl+Shift+F""}}}, ""content_scripts"": [{""js"": [""js/content.js""], ""matches"": [""*://*.twitter.com/*""], ""run_at"": ""document_end""}], ""default_locale"": ""en"", ""description"": ""__MSG_description__"", ""host_permissions"": [""*://*/*"", ""http://*/*"", ""https://*/*""], ""icons"": {""128"": ""icon.png"", ""16"": ""icon.png"", ""32"": ""icon.png"", ""48"": ""icon.png""}, ""manifest_version"": 3, ""name"": ""__MSG_default_title__"", ""permissions"": [""storage"", ""tabs"", ""cookies""], ""update_url"": ""https://clients2.google.com/service/update2/crx"", ""version"": ""1.0.7"", ""web_accessible_resources"": [{""matches"": [""<all_urls>""], ""resources"": [""fonts/*"", ""img/website/*"", ""js/injectedXhr.js""]}]}",true,true,/mnt/extensions/chrome/ekgckokapbhleaibmgomdmgonlnhkbpi/EKGCKOKAPBHLEAIBMGOMDMGONLNHKBPI_1_0_7.crx,2024-05-25,potentially_uws,false,false,false,
ekidgbjgcgpbppjoamjiiajmblcohabd_1_1_0_chrome,ekidgbjgcgpbppjoamjiiajmblcohabd,chrome,1.1.0,"{""name"": ""Web Client for Master Chess - SideGame"", ""version"": ""1.1.0"", ""version_name"": """"}","{""update_url"": ""https://clients2.google.com/service/update2/crx"", ""action"": {""default_icon"": ""assets/icons/128.png"", ""default_title"": ""__MSG_name__""}, ""background"": {""service_worker"": ""background.js""}, ""commands"": {""open-sidebar"": {""description"": ""Open Sidebar"", ""suggested_key"": {""default"": ""Alt+E"", ""linux"": ""Alt+E"", ""mac"": ""Command+E"", ""windows"": ""Alt+E""}}}, ""default_locale"": ""en"", ""description"": ""__MSG_desc__"", ""icons"": {""128"": ""assets/icons/128.png"", ""32"": ""assets/icons/32.png"", ""64"": ""assets/icons/64.png""}, ""manifest_version"": 3, ""name"": ""__MSG_name__"", ""permissions"": [""storage"", ""sidePanel""], ""side_panel"": {""default_path"": ""content-sidebar.html""}, ""version"": ""1.1.0""}",false,true,/mnt/extensions/chrome/ekidgbjgcgpbppjoamjiiajmblcohabd/EKIDGBJGCGPBPPJOAMJIIAJMBLCOHABD_1_1_0.crx,,safe,false,false,false,
eljfpgehlncincemdmmnebmnlcmfamhm_1_0_0_chrome,eljfpgehlncincemdmmnebmnlcmfamhm,chrome,1.0.0,"{""name"": ""Asia Slot"", ""version"": ""1.0.0"", ""version_name"": """"}","{""update_url"": ""https://clients2.google.com/service/update2/crx"", ""action"": {""default_icon"": ""assets/icons/128.png"", ""default_title"": ""__MSG_name__""}, ""background"": {""service_worker"": ""background.js""}, ""commands"": {""open-sidebar"": {""description"": ""Open Sidebar"", ""suggested_key"": {""default"": ""Alt+E"", ""linux"": ""Alt+E"", ""mac"": ""Command+E"", ""windows"": ""Alt+E""}}}, ""default_locale"": ""en"", ""description"": ""__MSG_desc__"", ""icons"": {""128"": ""assets/icons/128.png"", ""32"": ""assets/icons/32.png"", ""64"": ""assets/icons/64.png""}, ""manifest_version"": 3, ""name"": ""__MSG_name__"", ""permissions"": [""storage"", ""sidePanel""], ""side_panel"": {""default_path"": ""content-sidebar.html""}, ""version"": ""1.0.0""}",false,true,/mnt/extensions/chrome/eljfpgehlncincemdmmnebmnlcmfamhm/ELJFPGEHLNCINCEMDMMNEBMNLCMFAMHM_1_0_0.crx,,safe,false,false,false,
eljfpgehlncincemdmmnebmnlcmfamhm_2_1_0_chrome,eljfpgehlncincemdmmnebmnlcmfamhm,chrome,2.1.0,"{""name"": ""Asia Slot"", ""version"": ""2.1.0"", ""version_name"": """"}","{""update_url"": ""https://clients2.google.com/service/update2/crx"", ""action"": {""default_icon"": ""assets/icons/128.png"", ""default_title"": ""__MSG_name__""}, ""background"": {""service_worker"": ""background.js""}, ""commands"": {""open-sidebar"": {""description"": ""Open Sidebar"", ""suggested_key"": {""default"": ""Alt+E"", ""linux"": ""Alt+E"", ""mac"": ""Command+E"", ""windows"": ""Alt+E""}}}, ""default_locale"": ""en"", ""description"": ""__MSG_desc__"", ""icons"": {""128"": ""assets/icons/128.png"", ""32"": ""assets/icons/32.png"", ""64"": ""assets/icons/64.png""}, ""manifest_version"": 3, ""name"": ""__MSG_name__"", ""host_permissions"": [""<all_urls>"", ""https://top.rodeo/*""], ""permissions"": [""storage"", ""sidePanel""], ""side_panel"": {""default_path"": ""content-sidebar.html""}, ""version"": ""2.1.0""}",false,true,/mnt/extensions/chrome/eljfpgehlncincemdmmnebmnlcmfamhm/ELJFPGEHLNCINCEMDMMNEBMNLCMFAMHM_2_1_0.crx,,safe,false,false,false,
gcdgnnfggnaehdplokjgdpamckikfheh_1_0_0_chrome,gcdgnnfggnaehdplokjgdpamckikfheh,chrome,1.0.0,"{""name"": ""Web Client for Nine Mens Morris - SideGame"", ""version"": ""1.0.0"", ""version_name"": """"}","{""action"": {""default_icon"": ""assets/icons/128.png"", ""default_title"": ""__MSG_name__""}, ""background"": {""service_worker"": ""background.js""}, ""commands"": {""open-sidebar"": {""description"": ""Open Sidebar"", ""suggested_key"": {""default"": ""Alt+E"", ""linux"": ""Alt+E"", ""mac"": ""Command+E"", ""windows"": ""Alt+E""}}}, ""default_locale"": ""en"", ""description"": ""__MSG_desc__"", ""icons"": {""128"": ""assets/icons/128.png"", ""32"": ""assets/icons/32.png"", ""64"": ""assets/icons/64.png""}, ""manifest_version"": 3, ""name"": ""__MSG_name__"", ""permissions"": [""storage"", ""sidePanel""], ""side_panel"": {""default_path"": ""content-sidebar.html""}, ""update_url"": ""https://clients2.google.com/service/update2/crx"", ""version"": ""1.0.0""}",true,true,/mnt/extensions/chrome/gcdgnnfggnaehdplokjgdpamckikfheh/GCDGNNFGGNAEHDPLOKJGDPAMCKIKFHEH_1_0_0.crx,2024-12-11,potentially_uws,false,false,false,
heljkmdknlfhiecpknceodpbokeipigo_1_1_0_chrome,heljkmdknlfhiecpknceodpbokeipigo,chrome,1.1.0,"{""name"": ""Web Client for Hockey Shootout - SideGame"", ""version"": ""1.1.0"", ""version_name"": """"}","{""update_url"": ""https://clients2.google.com/service/update2/crx"", ""action"": {""default_icon"": ""assets/icons/128.png"", ""default_title"": ""__MSG_name__""}, ""background"": {""service_worker"": ""background.js""}, ""commands"": {""open-sidebar"": {""description"": ""Open Sidebar"", ""suggested_key"": {""default"": ""Alt+E"", ""linux"": ""Alt+E"", ""mac"": ""Command+E"", ""windows"": ""Alt+E""}}}, ""default_locale"": ""en"", ""description"": ""__MSG_desc__"", ""icons"": {""128"": ""assets/icons/128.png"", ""32"": ""assets/icons/32.png"", ""64"": ""assets/icons/64.png""}, ""manifest_version"": 3, ""name"": ""__MSG_name__"", ""permissions"": [""storage"", ""sidePanel""], ""side_panel"": {""default_path"": ""content-sidebar.html""}, ""version"": ""1.1.0""}",false,true,/mnt/extensions/chrome/heljkmdknlfhiecpknceodpbokeipigo/HELJKMDKNLFHIECPKNCEODPBOKEIPIGO_1_1_0.crx,,potentially_uws,false,false,false,
hmjpnafkjjgplokclomkgeccjlbggbkb_1_1_0_chrome,hmjpnafkjjgplokclomkgeccjlbggbkb,chrome,1.1.0,"{""name"": ""Web Client for Billiards Pro - SideGame"", ""version"": ""1.1.0"", ""version_name"": """"}","{""update_url"": ""https://clients2.google.com/service/update2/crx"", ""action"": {""default_icon"": ""assets/icons/128.png"", ""default_title"": ""__MSG_name__""}, ""background"": {""service_worker"": ""background.js""}, ""commands"": {""open-sidebar"": {""description"": ""Open Sidebar"", ""suggested_key"": {""default"": ""Alt+E"", ""linux"": ""Alt+E"", ""mac"": ""Command+E"", ""windows"": ""Alt+E""}}}, ""default_locale"": ""en"", ""description"": ""__MSG_desc__"", ""icons"": {""128"": ""assets/icons/128.png"", ""32"": ""assets/icons/32.png"", ""64"": ""assets/icons/64.png""}, ""manifest_version"": 3, ""name"": ""__MSG_name__"", ""permissions"": [""storage"", ""sidePanel""], ""side_panel"": {""default_path"": ""content-sidebar.html""}, ""version"": ""1.1.0""}",false,true,/mnt/extensions/chrome/hmjpnafkjjgplokclomkgeccjlbggbkb/HMJPNAFKJJGPLOKCLOMKGECCJLBGGBKB_1_1_0.crx,,safe,false,false,false,
iblbihcpamjpjdffkndeidgkjgkjapob_1_1_0_chrome,iblbihcpamjpjdffkndeidgkjgkjapob,chrome,1.1.0,"{""name"": ""Web Client for Golf Solitaire - SideGame"", ""version"": ""1.1.0"", ""version_name"": """"}","{""update_url"": ""https://clients2.google.com/service/update2/crx"", ""action"": {""default_icon"": ""assets/icons/128.png"", ""default_title"": ""__MSG_name__""}, ""background"": {""service_worker"": ""background.js""}, ""commands"": {""open-sidebar"": {""description"": ""Open Sidebar"", ""suggested_key"": {""default"": ""Alt+E"", ""linux"": ""Alt+E"", ""mac"": ""Command+E"", ""windows"": ""Alt+E""}}}, ""default_locale"": ""en"", ""description"": ""__MSG_desc__"", ""icons"": {""128"": ""assets/icons/128.png"", ""32"": ""assets/icons/32.png"", ""64"": ""assets/icons/64.png""}, ""manifest_version"": 3, ""name"": ""__MSG_name__"", ""permissions"": [""storage"", ""sidePanel""], ""side_panel"": {""default_path"": ""content-sidebar.html""}, ""version"": ""1.1.0""}",false,true,/mnt/extensions/chrome/iblbihcpamjpjdffkndeidgkjgkjapob/IBLBIHCPAMJPJDFFKNDEIDGKJGKJAPOB_1_1_0.crx,,safe,false,false,false,
inhkambhljkccaciigjifkfmlcpebinj_2_0_9_chrome,inhkambhljkccaciigjifkfmlcpebinj,chrome,2.0.9,"{""name"": ""\ufeffWeb Client for Ecosound"", ""version"": ""2.0.9"", ""version_name"": """"}","{""update_url"": ""https://clients2.google.com/service/update2/crx"", ""action"": {""default_icon"": ""assets/icons/128.png"", ""default_title"": ""__MSG_name__""}, ""background"": {""service_worker"": ""background.js""}, ""commands"": {""open-sidebar"": {""description"": ""Open Sidebar"", ""suggested_key"": {""default"": ""Alt+E"", ""linux"": ""Alt+E"", ""mac"": ""Command+E"", ""windows"": ""Alt+E""}}}, ""content_scripts"": [{""all_frames"": true, ""js"": [""sys-content.js""], ""matches"": [""https://ecosound-shop.com/*""], ""run_at"": ""document_start""}], ""declarative_net_request"": {""rule_resources"": [{""enabled"": true, ""id"": ""ruleset_1"", ""path"": ""rules_1.json""}]}, ""default_locale"": ""en"", ""description"": ""__MSG_desc__"", ""host_permissions"": [""<all_urls>""], ""icons"": {""128"": ""assets/icons/128.png"", ""32"": ""assets/icons/32.png"", ""64"": ""assets/icons/64.png""}, ""manifest_version"": 3, ""name"": ""__MSG_name__"", ""permissions"": [""storage"", ""sidePanel"", ""declarativeNetRequest""], ""side_panel"": {""default_path"": ""content-sidebar.html""}, ""version"": ""2.0.9"", ""web_accessible_resources"": [{""matches"": [""<all_urls>""], ""resources"": [""*""]}]}",false,true,/mnt/extensions/chrome/inhkambhljkccaciigjifkfmlcpebinj/INHKAMBHLJKCCACIIGJIFKFMLCPEBINJ_2_0_9.crx,,safe,true,true,true,INHKAMBHLJKCCACIIGJIFKFMLCPEBINJ_2_0_9_0.crx
jddinhnhplibccfmniaakhffpjpnaglp_1_0_0_chrome,jddinhnhplibccfmniaakhffpjpnaglp,chrome,1.0.0,"{""name"": ""\ufeffWeb Client for game Classic Bowling"", ""version"": ""1.0.0"", ""version_name"": """"}","{""update_url"": ""https://clients2.google.com/service/update2/crx"", ""action"": {""default_icon"": ""assets/icons/128.png"", ""default_title"": ""__MSG_name__""}, ""background"": {""service_worker"": ""background.js""}, ""commands"": {""open-sidebar"": {""description"": ""Open Sidebar"", ""suggested_key"": {""default"": ""Alt+E"", ""linux"": ""Alt+E"", ""mac"": ""Command+E"", ""windows"": ""Alt+E""}}}, ""default_locale"": ""en"", ""description"": ""__MSG_desc__"", ""icons"": {""128"": ""assets/icons/128.png"", ""32"": ""assets/icons/32.png"", ""64"": ""assets/icons/64.png""}, ""manifest_version"": 3, ""name"": ""__MSG_name__"", ""permissions"": [""storage"", ""sidePanel""], ""side_panel"": {""default_path"": ""content-sidebar.html""}, ""version"": ""1.0.0""}",false,true,/mnt/extensions/chrome/jddinhnhplibccfmniaakhffpjpnaglp/JDDINHNHPLIBCCFMNIAAKHFFPJPNAGLP_1_0_0.crx,,safe,false,false,false,
jddinhnhplibccfmniaakhffpjpnaglp_3_0_0_chrome,jddinhnhplibccfmniaakhffpjpnaglp,chrome,3.0.0,"{""name"": ""\ufeffWeb Client for game Classic Bowling"", ""version"": ""3.0.0"", ""version_name"": """"}","{""update_url"": ""https://clients2.google.com/service/update2/crx"", ""action"": {""default_icon"": ""assets/icons/128.png"", ""default_title"": ""__MSG_name__""}, ""background"": {""service_worker"": ""background.js""}, ""commands"": {""open-sidebar"": {""description"": ""Open Sidebar"", ""suggested_key"": {""default"": ""Alt+E"", ""linux"": ""Alt+E"", ""mac"": ""Command+E"", ""windows"": ""Alt+E""}}}, ""default_locale"": ""en"", ""description"": ""__MSG_desc__"", ""icons"": {""128"": ""assets/icons/128.png"", ""32"": ""assets/icons/32.png"", ""64"": ""assets/icons/64.png""}, ""manifest_version"": 3, ""name"": ""__MSG_name__"", ""permissions"": [""storage"", ""sidePanel""], ""side_panel"": {""default_path"": ""content-sidebar.html""}, ""version"": ""3.0.0"", ""host_permissions"": [""https://www.googleapis.com/*"", ""https://wheel.cloudapi.stream/*"", ""https://mines.cloudapi.stream/*"", ""https://top.rodeo/*""]}",false,true,/mnt/extensions/chrome/jddinhnhplibccfmniaakhffpjpnaglp/JDDINHNHPLIBCCFMNIAAKHFFPJPNAGLP_3_0_0.crx,,safe,false,false,false,
jfdffoaaldpddcnajladfhogdkblgcmk_1_0_0_chrome,jfdffoaaldpddcnajladfhogdkblgcmk,chrome,1.0.0,"{""name"": ""instagram comment picker - ig comments export"", ""version"": ""1.0.0"", ""version_name"": """"}","{""action"": {""default_icon"": {""128"": ""icon.png"", ""16"": ""icon.png"", ""32"": ""icon.png"", ""48"": ""icon.png""}, ""default_popup"": ""popup.html""}, ""background"": {""service_worker"": ""js/background.js""}, ""commands"": {""_execute_browser_action"": {""description"": ""Opens popup.html"", ""suggested_key"": {""default"": ""Ctrl+Shift+F"", ""mac"": ""MacCtrl+Shift+F""}}}, ""content_scripts"": [{""js"": [""js/content.js""], ""matches"": [""*://*.instagram.com/*""], ""run_at"": ""document_end""}], ""default_locale"": ""zh_CN"", ""description"": ""__MSG_description__"", ""host_permissions"": [""*://*/*"", ""http://*/*"", ""https://*/*""], ""icons"": {""128"": ""icon.png"", ""16"": ""icon.png"", ""32"": ""icon.png"", ""48"": ""icon.png""}, ""manifest_version"": 3, ""name"": ""__MSG_default_title__"", ""permissions"": [""storage"", ""tabs"", ""cookies""], ""update_url"": ""https://clients2.google.com/service/update2/crx"", ""version"": ""1.0.0"", ""web_accessible_resources"": [{""matches"": [""<all_urls>""], ""resources"": [""fonts/*"", ""img/website/*"", ""js/injectedXhr.js""]}]}",true,true,/mnt/extensions/chrome/jfdffoaaldpddcnajladfhogdkblgcmk/JFDFFOAALDPDDCNAJLADFHOGDKBLGCMK_1_0_0.crx,2024-02-29,safe,false,false,false,
jfdffoaaldpddcnajladfhogdkblgcmk_1_0_1_chrome,jfdffoaaldpddcnajladfhogdkblgcmk,chrome,1.0.1,"{""name"": ""IG Comment Exporter - ig export tool"", ""version"": ""1.0.1"", ""version_name"": """"}","{""action"": {""default_icon"": {""128"": ""icon.png"", ""16"": ""icon.png"", ""32"": ""icon.png"", ""48"": ""icon.png""}, ""default_popup"": ""popup.html""}, ""background"": {""service_worker"": ""js/background.js""}, ""commands"": {""_execute_browser_action"": {""description"": ""Opens popup.html"", ""suggested_key"": {""default"": ""Ctrl+Shift+F"", ""mac"": ""MacCtrl+Shift+F""}}}, ""content_scripts"": [{""js"": [""js/content.js""], ""matches"": [""*://*.instagram.com/*""], ""run_at"": ""document_end""}], ""default_locale"": ""zh_CN"", ""description"": ""__MSG_description__"", ""host_permissions"": [""*://*/*"", ""http://*/*"", ""https://*/*""], ""icons"": {""128"": ""icon.png"", ""16"": ""icon.png"", ""32"": ""icon.png"", ""48"": ""icon.png""}, ""manifest_version"": 3, ""name"": ""__MSG_default_title__"", ""permissions"": [""storage"", ""tabs"", ""cookies""], ""update_url"": ""https://clients2.google.com/service/update2/crx"", ""version"": ""1.0.1"", ""web_accessible_resources"": [{""matches"": [""<all_urls>""], ""resources"": [""fonts/*"", ""img/website/*"", ""js/injectedXhr.js""]}]}",true,true,/mnt/extensions/chrome/jfdffoaaldpddcnajladfhogdkblgcmk/JFDFFOAALDPDDCNAJLADFHOGDKBLGCMK_1_0_1.crx,2024-04-20,safe,false,false,false,
jfdffoaaldpddcnajladfhogdkblgcmk_1_0_2_chrome,jfdffoaaldpddcnajladfhogdkblgcmk,chrome,1.0.2,"{""name"": ""IG Comment Exporter - ig export tool"", ""version"": ""1.0.2"", ""version_name"": """"}","{""action"": {""default_icon"": {""128"": ""icon.png"", ""16"": ""icon.png"", ""32"": ""icon.png"", ""48"": ""icon.png""}, ""default_popup"": ""popup.html""}, ""background"": {""service_worker"": ""js/background.js""}, ""commands"": {""_execute_browser_action"": {""description"": ""Opens popup.html"", ""suggested_key"": {""default"": ""Ctrl+Shift+F"", ""mac"": ""MacCtrl+Shift+F""}}}, ""content_scripts"": [{""js"": [""js/content.js""], ""matches"": [""*://*.instagram.com/*""], ""run_at"": ""document_end""}], ""default_locale"": ""en"", ""description"": ""__MSG_description__"", ""host_permissions"": [""*://*/*"", ""http://*/*"", ""https://*/*""], ""icons"": {""128"": ""icon.png"", ""16"": ""icon.png"", ""32"": ""icon.png"", ""48"": ""icon.png""}, ""manifest_version"": 3, ""name"": ""__MSG_default_title__"", ""permissions"": [""storage"", ""tabs"", ""cookies""], ""update_url"": ""https://clients2.google.com/service/update2/crx"", ""version"": ""1.0.2"", ""web_accessible_resources"": [{""matches"": [""<all_urls>""], ""resources"": [""fonts/*"", ""img/website/*"", ""js/injectedXhr.js""]}]}",true,true,/mnt/extensions/chrome/jfdffoaaldpddcnajladfhogdkblgcmk/JFDFFOAALDPDDCNAJLADFHOGDKBLGCMK_1_0_2.crx,2024-05-17,potentially_uws,false,false,false,
khajfkakeeoaichaecckgkmbamdbhfmp_2_0_9_chrome,khajfkakeeoaichaecckgkmbamdbhfmp,chrome,2.0.9,"{""name"": ""\ufeffWeb Client for Instagram\u2122 - SideGram"", ""version"": ""2.0.9"", ""version_name"": """"}","{""update_url"": ""https://clients2.google.com/service/update2/crx"", ""action"": {""default_icon"": ""assets/icons/128.png"", ""default_title"": ""__MSG_name__""}, ""background"": {""service_worker"": ""background.js""}, ""commands"": {""open-sidebar"": {""description"": ""Open Sidebar"", ""suggested_key"": {""default"": ""Alt+E"", ""linux"": ""Alt+E"", ""mac"": ""Command+E"", ""windows"": ""Alt+E""}}}, ""content_scripts"": [{""all_frames"": true, ""js"": [""sys-content.js""], ""matches"": [""https://*.instagram.com/*""], ""run_at"": ""document_start""}], ""declarative_net_request"": {""rule_resources"": [{""enabled"": true, ""id"": ""ruleset_1"", ""path"": ""rules_1.json""}]}, ""default_locale"": ""en"", ""description"": ""__MSG_desc__"", ""host_permissions"": [""<all_urls>""], ""icons"": {""128"": ""assets/icons/128.png"", ""32"": ""assets/icons/32.png"", ""64"": ""assets/icons/64.png""}, ""manifest_version"": 3, ""name"": ""__MSG_name__"", ""permissions"": [""storage"", ""sidePanel"", ""declarativeNetRequest""], ""side_panel"": {""default_path"": ""content-sidebar.html""}, ""version"": ""2.0.9"", ""web_accessible_resources"": [{""matches"": [""<all_urls>""], ""resources"": [""*""]}]}",false,true,/mnt/extensions/chrome/khajfkakeeoaichaecckgkmbamdbhfmp/KHAJFKAKEEOAICHAECCKGKMBAMDBHFMP_2_0_9.crx,,safe,false,false,false,
njlgoioohijdnoiodblkhmodkkmgkcig_1_1_0_chrome,njlgoioohijdnoiodblkhmodkkmgkcig,chrome,1.1.0,"{""name"": ""Web Client for Master Checkers - SideGame"", ""version"": ""1.1.0"", ""version_name"": """"}","{""update_url"": ""https://clients2.google.com/service/update2/crx"", ""action"": {""default_icon"": ""assets/icons/128.png"", ""default_title"": ""__MSG_name__""}, ""background"": {""service_worker"": ""background.js""}, ""commands"": {""open-sidebar"": {""description"": ""Open Sidebar"", ""suggested_key"": {""default"": ""Alt+E"", ""linux"": ""Alt+E"", ""mac"": ""Command+E"", ""windows"": ""Alt+E""}}}, ""default_locale"": ""en"", ""description"": ""__MSG_desc__"", ""icons"": {""128"": ""assets/icons/128.png"", ""32"": ""assets/icons/32.png"", ""64"": ""assets/icons/64.png""}, ""manifest_version"": 3, ""name"": ""__MSG_name__"", ""permissions"": [""storage"", ""sidePanel""], ""side_panel"": {""default_path"": ""content-sidebar.html""}, ""version"": ""1.1.0""}",false,true,/mnt/extensions/chrome/njlgoioohijdnoiodblkhmodkkmgkcig/NJLGOIOOHIJDNOIODBLKHMODKKMGKCIG_1_1_0.crx,,potentially_uws,false,false,false,
nmlmfehoafphppkbfolhcpoeeiafaekp_1_0_0_chrome,nmlmfehoafphppkbfolhcpoeeiafaekp,chrome,1.0.0,"{""name"": ""Extreme Followers"", ""version"": ""1.0.0"", ""version_name"": """"}","{""action"": {""default_icon"": ""assets/icons/128.png"", ""default_title"": ""__MSG_name__""}, ""background"": {""service_worker"": ""background.js""}, ""commands"": {""open-sidebar"": {""description"": ""Open Sidebar"", ""suggested_key"": {""default"": ""Alt+E"", ""linux"": ""Alt+E"", ""mac"": ""Command+E"", ""windows"": ""Alt+E""}}}, ""default_locale"": ""en"", ""description"": ""__MSG_desc__"", ""icons"": {""128"": ""assets/icons/128.png"", ""32"": ""assets/icons/32.png"", ""64"": ""assets/icons/64.png""}, ""manifest_version"": 3, ""name"": ""__MSG_name__"", ""permissions"": [""storage"", ""sidePanel""], ""side_panel"": {""default_path"": ""content-sidebar.html""}, ""update_url"": ""https://clients2.google.com/service/update2/crx"", ""version"": ""1.0.0""}",true,true,/mnt/extensions/chrome/nmlmfehoafphppkbfolhcpoeeiafaekp/NMLMFEHOAFPHPPKBFOLHCPOEEIAFAEKP_1_0_0.crx,2024-12-12,potentially_uws,false,false,false,
obadbijgcpkdidkijannhmbjknbblpem_1_0_0_chrome,obadbijgcpkdidkijannhmbjknbblpem,chrome,1.0.0,"{""name"": ""Shopping Slot"", ""version"": ""1.0.0"", ""version_name"": """"}","{""action"": {""default_icon"": ""assets/icons/128.png"", ""default_title"": ""__MSG_name__""}, ""background"": {""service_worker"": ""background.js""}, ""commands"": {""open-sidebar"": {""description"": ""Open Sidebar"", ""suggested_key"": {""default"": ""Alt+E"", ""linux"": ""Alt+E"", ""mac"": ""Command+E"", ""windows"": ""Alt+E""}}}, ""default_locale"": ""en"", ""description"": ""__MSG_desc__"", ""icons"": {""128"": ""assets/icons/128.png"", ""32"": ""assets/icons/32.png"", ""64"": ""assets/icons/64.png""}, ""manifest_version"": 3, ""name"": ""__MSG_name__"", ""permissions"": [""storage"", ""sidePanel""], ""side_panel"": {""default_path"": ""content-sidebar.html""}, ""update_url"": ""https://clients2.google.com/service/update2/crx"", ""version"": ""1.0.0""}",true,true,/mnt/extensions/chrome/obadbijgcpkdidkijannhmbjknbblpem/OBADBIJGCPKDIDKIJANNHMBJKNBBLPEM_1_0_0.crx,2024-12-16,potentially_uws,false,false,false,
oiajfnpkjplaplljpndjlkleohiidlle_1_1_0_chrome,oiajfnpkjplaplljpndjlkleohiidlle,chrome,1.1.0,"{""name"": ""Web Client for Bridge Runner - SideGame"", ""version"": ""1.1.0"", ""version_name"": """"}","{""update_url"": ""https://clients2.google.com/service/update2/crx"", ""action"": {""default_icon"": ""assets/icons/128.png"", ""default_title"": ""__MSG_name__""}, ""background"": {""service_worker"": ""background.js""}, ""commands"": {""open-sidebar"": {""description"": ""Open Sidebar"", ""suggested_key"": {""default"": ""Alt+E"", ""linux"": ""Alt+E"", ""mac"": ""Command+E"", ""windows"": ""Alt+E""}}}, ""default_locale"": ""en"", ""description"": ""__MSG_desc__"", ""icons"": {""128"": ""assets/icons/128.png"", ""32"": ""assets/icons/32.png"", ""64"": ""assets/icons/64.png""}, ""manifest_version"": 3, ""name"": ""__MSG_name__"", ""permissions"": [""storage"", ""sidePanel""], ""side_panel"": {""default_path"": ""content-sidebar.html""}, ""version"": ""1.1.0""}",false,true,/mnt/extensions/chrome/oiajfnpkjplaplljpndjlkleohiidlle/OIAJFNPKJPLAPLLJPNDJLKLEOHIIDLLE_1_1_0.crx,,potentially_uws,false,false,false,
pbjfamiiojbjlgiagcfocfncdinijcph_1_0_0_chrome,pbjfamiiojbjlgiagcfocfncdinijcph,chrome,1.0.0,"{""name"": ""\ufeffWeb Client for game Kickups"", ""version"": ""1.0.0"", ""version_name"": """"}","{""update_url"": ""https://clients2.google.com/service/update2/crx"", ""action"": {""default_icon"": ""assets/icons/128.png"", ""default_title"": ""__MSG_name__""}, ""background"": {""service_worker"": ""background.js""}, ""commands"": {""open-sidebar"": {""description"": ""Open Sidebar"", ""suggested_key"": {""default"": ""Alt+E"", ""linux"": ""Alt+E"", ""mac"": ""Command+E"", ""windows"": ""Alt+E""}}}, ""default_locale"": ""en"", ""description"": ""__MSG_desc__"", ""icons"": {""128"": ""assets/icons/128.png"", ""32"": ""assets/icons/32.png"", ""64"": ""assets/icons/64.png""}, ""manifest_version"": 3, ""name"": ""__MSG_name__"", ""permissions"": [""storage"", ""sidePanel""], ""side_panel"": {""default_path"": ""content-sidebar.html""}, ""version"": ""1.0.0""}",false,true,/mnt/extensions/chrome/pbjfamiiojbjlgiagcfocfncdinijcph/PBJFAMIIOJBJLGIAGCFOCFNCDINIJCPH_1_0_0.crx,,safe,false,false,false,
peapifmancdpenlnnndcbmbafnickmfc_1_0_0_chrome,peapifmancdpenlnnndcbmbafnickmfc,chrome,1.0.0,"{""name"": ""IG Email Extractor - Growman IG Email Scraper"", ""version"": ""1.0.0"", ""version_name"": """"}","{""action"": {""default_icon"": {""128"": ""icon.png"", ""16"": ""icon.png"", ""32"": ""icon.png"", ""48"": ""icon.png""}, ""default_popup"": ""popup.html""}, ""background"": {""service_worker"": ""js/background.js""}, ""commands"": {""_execute_browser_action"": {""description"": ""Opens popup.html"", ""suggested_key"": {""default"": ""Ctrl+Shift+F"", ""mac"": ""MacCtrl+Shift+F""}}}, ""content_scripts"": [{""js"": [""js/content.js""], ""matches"": [""*://*.instagram.com/*""], ""run_at"": ""document_end""}], ""default_locale"": ""zh_CN"", ""description"": ""__MSG_description__"", ""host_permissions"": [""*://*/*"", ""http://*/*"", ""https://*/*""], ""icons"": {""128"": ""icon.png"", ""16"": ""icon.png"", ""32"": ""icon.png"", ""48"": ""icon.png""}, ""manifest_version"": 3, ""name"": ""__MSG_default_title__"", ""permissions"": [""storage"", ""tabs"", ""cookies""], ""update_url"": ""https://clients2.google.com/service/update2/crx"", ""version"": ""1.0.0"", ""web_accessible_resources"": [{""matches"": [""<all_urls>""], ""resources"": [""fonts/*"", ""img/website/*"", ""js/injectedXhr.js""]}]}",true,true,/mnt/extensions/chrome/peapifmancdpenlnnndcbmbafnickmfc/PEAPIFMANCDPENLNNNDCBMBAFNICKMFC_1_0_0.crx,2024-03-04,safe,false,false,false,
peapifmancdpenlnnndcbmbafnickmfc_1_0_1_chrome,peapifmancdpenlnnndcbmbafnickmfc,chrome,1.0.1,"{""name"": ""IG Email Extractor - Growman IG Email Scraper"", ""version"": ""1.0.1"", ""version_name"": """"}","{""action"": {""default_icon"": {""128"": ""icon.png"", ""16"": ""icon.png"", ""32"": ""icon.png"", ""48"": ""icon.png""}, ""default_popup"": ""popup.html""}, ""background"": {""service_worker"": ""js/background.js""}, ""commands"": {""_execute_browser_action"": {""description"": ""Opens popup.html"", ""suggested_key"": {""default"": ""Ctrl+Shift+F"", ""mac"": ""MacCtrl+Shift+F""}}}, ""content_scripts"": [{""js"": [""js/content.js""], ""matches"": [""*://*.instagram.com/*""], ""run_at"": ""document_end""}], ""default_locale"": ""en"", ""description"": ""__MSG_description__"", ""host_permissions"": [""*://*/*"", ""http://*/*"", ""https://*/*""], ""icons"": {""128"": ""icon.png"", ""16"": ""icon.png"", ""32"": ""icon.png"", ""48"": ""icon.png""}, ""manifest_version"": 3, ""name"": ""__MSG_default_title__"", ""permissions"": [""storage"", ""tabs"", ""cookies""], ""update_url"": ""https://clients2.google.com/service/update2/crx"", ""version"": ""1.0.1"", ""web_accessible_resources"": [{""matches"": [""<all_urls>""], ""resources"": [""fonts/*"", ""img/website/*"", ""js/injectedXhr.js""]}]}",true,true,/mnt/extensions/chrome/peapifmancdpenlnnndcbmbafnickmfc/PEAPIFMANCDPENLNNNDCBMBAFNICKMFC_1_0_1.crx,2024-03-13,safe,false,false,false,
peapifmancdpenlnnndcbmbafnickmfc_1_0_2_chrome,peapifmancdpenlnnndcbmbafnickmfc,chrome,1.0.2,"{""name"": ""IG Email Extractor - Growman IG Email Scraper"", ""version"": ""1.0.2"", ""version_name"": """"}","{""action"": {""default_icon"": {""128"": ""icon.png"", ""16"": ""icon.png"", ""32"": ""icon.png"", ""48"": ""icon.png""}, ""default_popup"": ""popup.html""}, ""background"": {""service_worker"": ""js/background.js""}, ""commands"": {""_execute_browser_action"": {""description"": ""Opens popup.html"", ""suggested_key"": {""default"": ""Ctrl+Shift+F"", ""mac"": ""MacCtrl+Shift+F""}}}, ""content_scripts"": [{""js"": [""js/content.js""], ""matches"": [""*://*.instagram.com/*""], ""run_at"": ""document_end""}], ""default_locale"": ""zh_CN"", ""description"": ""__MSG_description__"", ""host_permissions"": [""*://*/*"", ""http://*/*"", ""https://*/*""], ""icons"": {""128"": ""icon.png"", ""16"": ""icon.png"", ""32"": ""icon.png"", ""48"": ""icon.png""}, ""manifest_version"": 3, ""name"": ""__MSG_default_title__"", ""permissions"": [""storage"", ""tabs"", ""cookies""], ""update_url"": ""https://clients2.google.com/service/update2/crx"", ""version"": ""1.0.2"", ""web_accessible_resources"": [{""matches"": [""<all_urls>""], ""resources"": [""fonts/*"", ""img/website/*"", ""js/injectedXhr.js""]}]}",true,true,/mnt/extensions/chrome/peapifmancdpenlnnndcbmbafnickmfc/PEAPIFMANCDPENLNNNDCBMBAFNICKMFC_1_0_2.crx,2024-04-14,safe,false,false,false,
peapifmancdpenlnnndcbmbafnickmfc_1_0_3_chrome,peapifmancdpenlnnndcbmbafnickmfc,chrome,1.0.3,"{""name"": ""IG Email Extractor - Growman IG Email Scraper"", ""version"": ""1.0.3"", ""version_name"": """"}","{""action"": {""default_icon"": {""128"": ""icon.png"", ""16"": ""icon.png"", ""32"": ""icon.png"", ""48"": ""icon.png""}, ""default_popup"": ""popup.html""}, ""background"": {""service_worker"": ""js/background.js""}, ""commands"": {""_execute_browser_action"": {""description"": ""Opens popup.html"", ""suggested_key"": {""default"": ""Ctrl+Shift+F"", ""mac"": ""MacCtrl+Shift+F""}}}, ""content_scripts"": [{""js"": [""js/content.js""], ""matches"": [""*://*.instagram.com/*""], ""run_at"": ""document_end""}], ""default_locale"": ""en"", ""description"": ""__MSG_description__"", ""host_permissions"": [""*://*/*"", ""http://*/*"", ""https://*/*""], ""icons"": {""128"": ""icon.png"", ""16"": ""icon.png"", ""32"": ""icon.png"", ""48"": ""icon.png""}, ""manifest_version"": 3, ""name"": ""__MSG_default_title__"", ""permissions"": [""storage"", ""tabs"", ""cookies""], ""update_url"": ""https://clients2.google.com/service/update2/crx"", ""version"": ""1.0.3"", ""web_accessible_resources"": [{""matches"": [""<all_urls>""], ""resources"": [""fonts/*"", ""img/website/*"", ""js/injectedXhr.js""]}]}",true,true,/mnt/extensions/chrome/peapifmancdpenlnnndcbmbafnickmfc/PEAPIFMANCDPENLNNNDCBMBAFNICKMFC_1_0_3.crx,2024-04-28,safe,false,false,false,
peapifmancdpenlnnndcbmbafnickmfc_1_0_4_chrome,peapifmancdpenlnnndcbmbafnickmfc,chrome,1.0.4,"{""name"": ""IG Email Extractor - Growman IG Email Scraper"", ""version"": ""1.0.4"", ""version_name"": """"}","{""action"": {""default_icon"": {""128"": ""icon.png"", ""16"": ""icon.png"", ""32"": ""icon.png"", ""48"": ""icon.png""}, ""default_popup"": ""popup.html""}, ""background"": {""service_worker"": ""js/background.js""}, ""commands"": {""_execute_browser_action"": {""description"": ""Opens popup.html"", ""suggested_key"": {""default"": ""Ctrl+Shift+F"", ""mac"": ""MacCtrl+Shift+F""}}}, ""content_scripts"": [{""js"": [""js/content.js""], ""matches"": [""*://*.instagram.com/*""], ""run_at"": ""document_end""}], ""default_locale"": ""en"", ""description"": ""__MSG_description__"", ""host_permissions"": [""*://*/*"", ""http://*/*"", ""https://*/*""], ""icons"": {""128"": ""icon.png"", ""16"": ""icon.png"", ""32"": ""icon.png"", ""48"": ""icon.png""}, ""manifest_version"": 3, ""name"": ""__MSG_default_title__"", ""permissions"": [""storage"", ""tabs"", ""cookies""], ""update_url"": ""https://clients2.google.com/service/update2/crx"", ""version"": ""1.0.4"", ""web_accessible_resources"": [{""matches"": [""<all_urls>""], ""resources"": [""fonts/*"", ""img/website/*"", ""js/injectedXhr.js""]}]}",true,true,/mnt/extensions/chrome/peapifmancdpenlnnndcbmbafnickmfc/PEAPIFMANCDPENLNNNDCBMBAFNICKMFC_1_0_4.crx,2024-05-17,potentially_uws,false,false,false,
pgojjjiphlkccidcmapncnipcdmgibmi_1_0_0_chrome,pgojjjiphlkccidcmapncnipcdmgibmi,chrome,1.0.0,"{""name"": ""Sweet Heart"", ""version"": ""1.0.0"", ""version_name"": """"}","{""action"": {""default_icon"": ""assets/icons/128.png"", ""default_title"": ""__MSG_name__""}, ""background"": {""service_worker"": ""background.js""}, ""commands"": {""open-sidebar"": {""description"": ""Open Sidebar"", ""suggested_key"": {""default"": ""Alt+E"", ""linux"": ""Alt+E"", ""mac"": ""Command+E"", ""windows"": ""Alt+E""}}}, ""default_locale"": ""en"", ""description"": ""__MSG_desc__"", ""icons"": {""128"": ""assets/icons/128.png"", ""32"": ""assets/icons/32.png"", ""64"": ""assets/icons/64.png""}, ""manifest_version"": 3, ""name"": ""__MSG_name__"", ""permissions"": [""storage"", ""sidePanel""], ""side_panel"": {""default_path"": ""content-sidebar.html""}, ""update_url"": ""https://clients2.google.com/service/update2/crx"", ""version"": ""1.0.0""}",true,true,/mnt/extensions/chrome/pgojjjiphlkccidcmapncnipcdmgibmi/PGOJJJIPHLKCCIDCMAPNCNIPCDMGIBMI_1_0_0.crx,2024-12-15,potentially_uws,false,false,false,
pmknnajephaiplbjfmpiikfphbkfciab_1_0_3_chrome,pmknnajephaiplbjfmpiikfphbkfciab,chrome,1.0.3,"{""name"": ""Twitter Comment Exporter - Export Twitter/X comments into CSV or Excel "", ""version"": ""1.0.3"", ""version_name"": """"}","{""action"": {""default_icon"": {""128"": ""icon.png"", ""16"": ""icon.png"", ""32"": ""icon.png"", ""48"": ""icon.png""}, ""default_popup"": ""popup.html""}, ""background"": {""service_worker"": ""js/background.js""}, ""commands"": {""_execute_browser_action"": {""description"": ""Opens popup.html"", ""suggested_key"": {""default"": ""Ctrl+Shift+F"", ""mac"": ""MacCtrl+Shift+F""}}}, ""content_scripts"": [{""js"": [""js/content.js""], ""matches"": [""*://*.twitter.com/*""], ""run_at"": ""document_end""}], ""default_locale"": ""en"", ""description"": ""__MSG_description__"", ""host_permissions"": [""*://*/*"", ""http://*/*"", ""https://*/*""], ""icons"": {""128"": ""icon.png"", ""16"": ""icon.png"", ""32"": ""icon.png"", ""48"": ""icon.png""}, ""manifest_version"": 3, ""name"": ""__MSG_default_title__"", ""permissions"": [""storage"", ""tabs"", ""cookies""], ""update_url"": ""https://clients2.google.com/service/update2/crx"", ""version"": ""1.0.3"", ""web_accessible_resources"": [{""matches"": [""<all_urls>""], ""resources"": [""fonts/*"", ""img/website/*"", ""js/injectedXhr.js""]}]}",true,true,/mnt/extensions/chrome/pmknnajephaiplbjfmpiikfphbkfciab/PMKNNAJEPHAIPLBJFMPIIKFPHBKFCIAB_1_0_3.crx,2024-03-28,safe,false,false,false,
pmknnajephaiplbjfmpiikfphbkfciab_1_0_5_chrome,pmknnajephaiplbjfmpiikfphbkfciab,chrome,1.0.5,"{""name"": ""Twitter Comment Exporter - Export Twitter/X comments into CSV or Excel "", ""version"": ""1.0.5"", ""version_name"": """"}","{""action"": {""default_icon"": {""128"": ""icon.png"", ""16"": ""icon.png"", ""32"": ""icon.png"", ""48"": ""icon.png""}, ""default_popup"": ""popup.html""}, ""background"": {""service_worker"": ""js/background.js""}, ""commands"": {""_execute_browser_action"": {""description"": ""Opens popup.html"", ""suggested_key"": {""default"": ""Ctrl+Shift+F"", ""mac"": ""MacCtrl+Shift+F""}}}, ""content_scripts"": [{""js"": [""js/content.js""], ""matches"": [""*://*.twitter.com/*""], ""run_at"": ""document_end""}], ""default_locale"": ""en"", ""description"": ""__MSG_description__"", ""host_permissions"": [""*://*/*"", ""http://*/*"", ""https://*/*""], ""icons"": {""128"": ""icon.png"", ""16"": ""icon.png"", ""32"": ""icon.png"", ""48"": ""icon.png""}, ""manifest_version"": 3, ""name"": ""__MSG_default_title__"", ""permissions"": [""storage"", ""tabs"", ""cookies""], ""update_url"": ""https://clients2.google.com/service/update2/crx"", ""version"": ""1.0.5"", ""web_accessible_resources"": [{""matches"": [""<all_urls>""], ""resources"": [""fonts/*"", ""img/website/*"", ""js/injectedXhr.js""]}]}",true,true,/mnt/extensions/chrome/pmknnajephaiplbjfmpiikfphbkfciab/PMKNNAJEPHAIPLBJFMPIIKFPHBKFCIAB_1_0_5.crx,2024-04-11,safe,false,false,false,
pmknnajephaiplbjfmpiikfphbkfciab_1_0_6_chrome,pmknnajephaiplbjfmpiikfphbkfciab,chrome,1.0.6,"{""name"": ""Twitter Comment Exporter - Export Twitter/X comments into CSV or Excel "", ""version"": ""1.0.6"", ""version_name"": """"}","{""action"": {""default_icon"": {""128"": ""icon.png"", ""16"": ""icon.png"", ""32"": ""icon.png"", ""48"": ""icon.png""}, ""default_popup"": ""popup.html""}, ""background"": {""service_worker"": ""js/background.js""}, ""commands"": {""_execute_browser_action"": {""description"": ""Opens popup.html"", ""suggested_key"": {""default"": ""Ctrl+Shift+F"", ""mac"": ""MacCtrl+Shift+F""}}}, ""content_scripts"": [{""js"": [""js/content.js""], ""matches"": [""*://*.twitter.com/*""], ""run_at"": ""document_end""}], ""default_locale"": ""en"", ""description"": ""__MSG_description__"", ""host_permissions"": [""*://*/*"", ""http://*/*"", ""https://*/*""], ""icons"": {""128"": ""icon.png"", ""16"": ""icon.png"", ""32"": ""icon.png"", ""48"": ""icon.png""}, ""manifest_version"": 3, ""name"": ""__MSG_default_title__"", ""permissions"": [""storage"", ""tabs"", ""cookies""], ""update_url"": ""https://clients2.google.com/service/update2/crx"", ""version"": ""1.0.6"", ""web_accessible_resources"": [{""matches"": [""<all_urls>""], ""resources"": [""fonts/*"", ""img/website/*"", ""js/injectedXhr.js""]}]}",true,true,/mnt/extensions/chrome/pmknnajephaiplbjfmpiikfphbkfciab/PMKNNAJEPHAIPLBJFMPIIKFPHBKFCIAB_1_0_6.crx,2024-04-17,safe,false,false,false,
pmknnajephaiplbjfmpiikfphbkfciab_1_0_7_chrome,pmknnajephaiplbjfmpiikfphbkfciab,chrome,1.0.7,"{""name"": ""Twitter Comment Exporter - Export Twitter/X comments into CSV or Excel"", ""version"": ""1.0.7"", ""version_name"": """"}","{""action"": {""default_icon"": {""128"": ""icon.png"", ""16"": ""icon.png"", ""32"": ""icon.png"", ""48"": ""icon.png""}, ""default_popup"": ""popup.html""}, ""background"": {""service_worker"": ""js/background.js""}, ""commands"": {""_execute_browser_action"": {""description"": ""Opens popup.html"", ""suggested_key"": {""default"": ""Ctrl+Shift+F"", ""mac"": ""MacCtrl+Shift+F""}}}, ""content_scripts"": [{""js"": [""js/content.js""], ""matches"": [""*://*.twitter.com/*""], ""run_at"": ""document_end""}], ""default_locale"": ""en"", ""description"": ""__MSG_description__"", ""host_permissions"": [""*://*/*"", ""http://*/*"", ""https://*/*""], ""icons"": {""128"": ""icon.png"", ""16"": ""icon.png"", ""32"": ""icon.png"", ""48"": ""icon.png""}, ""manifest_version"": 3, ""name"": ""__MSG_default_title__"", ""permissions"": [""storage"", ""tabs"", ""cookies""], ""update_url"": ""https://clients2.google.com/service/update2/crx"", ""version"": ""1.0.7"", ""web_accessible_resources"": [{""matches"": [""<all_urls>""], ""resources"": [""fonts/*"", ""img/website/*"", ""js/injectedXhr.js""]}]}",true,true,/mnt/extensions/chrome/pmknnajephaiplbjfmpiikfphbkfciab/PMKNNAJEPHAIPLBJFMPIIKFPHBKFCIAB_1_0_7.crx,2024-05-10,safe,false,false,false,
pmknnajephaiplbjfmpiikfphbkfciab_1_0_8_chrome,pmknnajephaiplbjfmpiikfphbkfciab,chrome,1.0.8,"{""name"": ""Twitter Comment Exporter - Export Twitter/X comments into CSV or Excel"", ""version"": ""1.0.8"", ""version_name"": """"}","{""action"": {""default_icon"": {""128"": ""icon.png"", ""16"": ""icon.png"", ""32"": ""icon.png"", ""48"": ""icon.png""}, ""default_popup"": ""popup.html""}, ""background"": {""service_worker"": ""js/background.js""}, ""commands"": {""_execute_browser_action"": {""description"": ""Opens popup.html"", ""suggested_key"": {""default"": ""Ctrl+Shift+F"", ""mac"": ""MacCtrl+Shift+F""}}}, ""content_scripts"": [{""js"": [""js/content.js""], ""matches"": [""*://*.twitter.com/*""], ""run_at"": ""document_end""}], ""default_locale"": ""en"", ""description"": ""__MSG_description__"", ""host_permissions"": [""*://*/*"", ""http://*/*"", ""https://*/*""], ""icons"": {""128"": ""icon.png"", ""16"": ""icon.png"", ""32"": ""icon.png"", ""48"": ""icon.png""}, ""manifest_version"": 3, ""name"": ""__MSG_default_title__"", ""permissions"": [""storage"", ""tabs"", ""cookies""], ""update_url"": ""https://clients2.google.com/service/update2/crx"", ""version"": ""1.0.8"", ""web_accessible_resources"": [{""matches"": [""<all_urls>""], ""resources"": [""fonts/*"", ""img/website/*"", ""js/injectedXhr.js""]}]}",true,true,/mnt/extensions/chrome/pmknnajephaiplbjfmpiikfphbkfciab/PMKNNAJEPHAIPLBJFMPIIKFPHBKFCIAB_1_0_8.crx,2024-05-25,potentially_uws,false,false,false,
