key,size,idf,processed,tlsh,is_cdnjs_framework
sha512-__2x7MRjmawQzF5_PolqWDDdEp3rTWFrO5z_QBIftone1v05SGNdo3uZeECILVBNiRa5Lgt9jk1S2TypRUhVCw__,2538,5.462399495463553,false,T18151A62D6ABE603F16AF497B34423605197E3118B409588BF10592E5BDC0D690B2FEAD,false
sha512-_NCFsiOI1EUFbiK2T0U5xyDLdiRcqbg2B1KdHSLYaTf002XOLlWpXFUBlohF8gOAB1kiOlF_7geLOZ4BNPoH6g__,592552,6.161369499799572,true,T1ACC44A4ABBF675349243F039596FD809B235A49B2949ED003E4CA2E45F1583C86FAFDC,false
sha512-_TLuf4OHZRxzsUcfLKSw1CHHQPUUfgye3GFws0hnddoQ8n3yykXbus_FiRyBJ8v3XX3bLpdxcXyq14Qwjz82NQ__,592563,5.860339504135591,false,T1EFC44A4ABBF675349243F039596FD809B235A49B2949ED003E4CA2E45F1583C86FAFDC,false
sha512-_uKQc1DFPdEQULDUmj0pqj5JEXscQlcRKlvG2HpbU8Dcvq8g0YlspZik5Bl09ryzrotxn1W6Y8QYvtJtIkv4XA__,253601,6.161369499799572,true,T1B1442E49BAE275349243F039996FD808B276A48B2589DD403E4CA2E45F1583CD7FAFDC,false
sha512-_wqVs8YYEcOnzM4QnWbBnmbM90DdsTZYsgP6bmjn_HJBHeU4o1uO59TBblotJATRiiAOnac9gzYtVJ8h1N8DLQ__,1426,5.082188253751947,false,T16C2112F1734931A0E3CA5E76C889964C613F984D6349A15CDF1A6C15040E8AEBD1BBB1,false
sha512-_wwqimK_gYep4yqqYi6UIAtABSbx7tdkI9G2eYxU9AEXkZQHk1moHoO18a8bmzJ7js70V_nwmhwTwxs_0rmtUA__,10054,5.207126990360247,false,T148223E196526283E45F39363BB112A40FD34A4178A03A31ABFBC41916FF59B096B1FFC,false
sha512-_yStRImMRgVHihNOGhqg_dwsHXArOGczawO4udwS_zxx_sS3hiqeTRp3gD_Y4XyzYMgVWi481Rqy_4CeCmmvvQ__,372413,6.161369499799572,true,T1F8842D49BAF275349203F039996FD808B279A48F2989DD053D4CA1E45F5583C87B9FEC,false
sha512-0KgoqSj0HjRqpUysBrkciqVLvuycDwnPfuJukHZsUtCY7AURCus_rn8AX4sed7ErcSIReuKkPEFvoGr_qnY_ug__,74055,4.000001497564597,false,T1B973FA567349B8334ADE45A791724347F31668C9B20E416CF8AC6DDE2B7EC8132B2B74,false
sha512-0wB9cjmB4q_F8uSumABVURS0B8fzknMVp5S0nYC_yoInKGNPmAsTEGJiYLeoe5Epg75EoFNAmktamSTltc1rjw__,252380,6.161369499799572,true,T1A5342F49BAE275349243F039996FD808B276A48B2589DD403E4CA2E45F1583CD7FAFDC,false
sha512-12Fw15n4UqUvykDI1p7UkkXdoMkMfu6fsfU6xL3Oe_N4ePzosgzZkPYXU2niASeio3bxkzgSr_tv8DzT53n7kA__,592504,5.207126990360247,false,T1DFC44A4ABBF675349243F039596FD809B235A49B2949ED003E4CA2E45F1583C86FAFDC,false
sha512-1ClAvpROHdkf47HIXx75tE0T9OjlbMeZ_K83wB_2bEK32kOnof7LDzm5ULLHmUIsqauK7Hr7MpyUzrK_JogWug__,592552,6.161369499799572,true,T152C44A4ABBF675349243F039596FD809B235A49B2949ED003E4CA2E45F1583C86FAFDC,false
sha512-1jjue_EHTnceImMU5JAStMgTvjl3338pcwXZyQYqiP8D47Kehw2RUpx20AgrmAAS_ZdpteuEE_OxrvKK1JI2jw__,592532,6.161369499799572,true,T1B0C44A4ABBF675349243F039596FD809B235A49B2949ED003E4CA2E45F1583C86FAFDC,false
sha512-2KfH_N3TBAaqSZIOklah_fDufCC003LyaxLWrqtERGgosPXlD5KJrxqu_hPQTJOXvAKunRIB81rVMgdG1vUalA__,252383,6.161369499799572,true,T152342F49BAE275349243F039996FD808B276A48B2589DD403E4CA2E45F1583CD7FAFDC,false
sha512-2Q_GIFJiNhYnCesdqVllP4D_jzvGWfQ6NHJggppjcxlcqZZnhri0jDhmQ1gPSfCWqEBRC8e_Kg2NkieFwdScTA__,592508,6.161369499799572,true,T145C44A4ABBF675349243F039596FD809B235A49B2949ED003E4CA2E45F1583C86FAFDC,false
sha512-3P8rXCuGJdNZOnUx_03c1jOTnMn3rP63nBip5gOP2qmUh5YAdVAvFZ1E_QLZZbC1rtMrQb_mah3AfYW11RUrWA__,86659,1.9769052104525815,false,T14483E6D9B2C67062977730B950BF410BB17A98DAB44C8C60F158D9D47EB8A8D907BF2C,false
sha512-4_ZrE55fzB48riu_gl25EBd1FE5yItjSoYbxiNhbn2e4YUQaQQd2tNxEMciDHAVX_5z0Ukbaehw4ydSDbpwOJw__,252374,6.161369499799572,true,T175342F49BAE275349243F039996FD808B276A48B2589DD403E4CA2E45F1583CD7FAFDC,false
sha512-4O1f2CuiUwr__o0mOE925wHC0jNbUKAxhnVsmHmCShVR5u70m82eS_VysWvXSquSjcXeDft6yh9t1zT3kSFtUQ__,252432,5.860339504135591,false,T15B342F49BAE275349243F039996FD808B276A48B2589DD403E4CA2E45F1583CD7FAFDC,false
sha512-4PFD5mRHTMSDEx5_Q2nUMd8acL4vCjFkK_BemPPwBMML9dAMd0tIMox5dn0rgk4vkReng7WieYkSF558GNNzFA__,2515,6.161369499799572,true,T12851A36C69BE603F16AB497B34022601197E30086409488FF145D6F5BDC0EA94B2FFAD,false
sha512-4rgYnurxnFSdCDrgqqH1h_sOb4_tUd1MXYeCeu5PcYa_svtguh06_TGpvGwvJB6a3SNp2cDaN2f8F5yZ1o_vPg__,145560,3.9940521650513956,false,T10DE340093EFB2463456BE47E4B6B4156F225808B250ADD987D5C0BDC1FA983052FFBE8,false
sha512-5eglKKhXeNGoXL9ROliJLB6CN42MaaWahkSQcf61vpi1Ge0yWeH5vgBHDRIWjERXkK87SdHplvbRIDUg74YgOA__,252370,6.161369499799572,true,T1EB342F49BAE275349243F039996FD808B276A48B2589DD403E4CA2E45F1583CD7FAFDC,false
sha512-6fjBfEVMrq_YAypPppYXeVsKwxRRRg3T_WuWBVSHqLOMyfe5YwmGpXHQUC9Uybp6sgM68Z68d237_wTCgLZjLA__,372345,6.161369499799572,true,T198842D49BAF275349203F039996FD808B279A48F2989ED053D4CA1E45F5583C87B9FEC,false
sha512-6x7vCaavHV1Mfy27vr81sQkP5B1R_ILzYprwhedjGmau5GA4PatoBIBBBMUjrZKy_QX4I4Fe_tlnmlCby6pQQQ__,372382,5.6842482450799094,false,T129842D49BAF275349203F039996FD808B279A48F2989ED053D4CA1E45F5583C87B9FEC,false
sha512-7_TKjlY2QGNaGTAeRyikudBNKUHWfhkuCqNpiWc7IJ_D2bJ1hwOQKvPljVatMy1lImZkgn0FHhOVOJQisw7Qkg__,592514,6.161369499799572,true,T18CC44A4ABBF675349243F039596FD809B235A49B2949ED003E4CA2E45F1583C86FAFDC,false
sha512-7gpupWSJVT2sZ4BDVhCe7t5Fpd9ZNugVTEN8c7f6m_DjrTLdeuyH8QVg6xM60xBjnQ_iKzh49UfSRZWfUEX_LQ__,252376,6.161369499799572,true,T143342F49BAE275349243F039996FD808B276A48B2589DD403E4CA2E45F1583CD7FAFDC,false
sha512-8J_rHM582_DOrNlnTCjUuV_i5U5JkXmofavuTte2FhaCcGFtVROTvwSgyr64iLmi4rXGr4NaN5XisgO4Ojp_Jg__,510,5.082188253751947,false,T1CFF0C0CE614D76A087FDE0A8E0EF1191E32468C1210B0448C3594D4974294A943F2D36,false
sha512-9AW366i8Rkqungyda4i8k9DR_3sBDHF1_n4dZNgQp8_JwIsYDi5_O8qlk6Z6uopaKSc_fzhfhnQgaDLAWH0WtA__,592580,6.161369499799572,true,T111C44A4ABBF675349243F039596FD809B235A49B2949ED003E4CA2E45F1583C86FAFDC,false
sha512-9Xa1z0RoqquTOl_8YQjMaqpNFDjnwzRAeqNR2CBSTBWck1KMAW9xRRNChEJQVTwSEzhoUvNrLs_C2wrwkfisAA__,41076,5.207126990360247,false,T11C03FAE573DAB17283EF01B650FF4606F3395894580E5428FA29D9EA342648D41F3FBA,false
sha512-a55cG5_ttiY5h4BRJuuDzXzsESO46PZaH6rBxWx4f_rdizNjOXkHVw2zE1iZYn5zJytJc8O87Ff4MyqJ6pr_8A__,510888,5.316271459785315,false,T1BDB419C472B8604A890BF4A5547B048BB13ABCD77000C5BCB94CD4DBACA59B856FBF79,false
sha512-aGlPkMHEYcuK4cUA_L2Vrm_8aW62jemR4rHxXAPT2F_mBUDitqTrNj0XcKSwvY1JZWiGRm_Ceju33K8R9BaSCQ__,252386,6.161369499799572,true,T192342F49BAE275349243F039996FD808B276A48B2589DD403E4CA2E45F1583CD7FAFDC,false
sha512-AHoAq3LCoTaIFgGrVskzwG2bC7r4IZH_SuqqUbOciMoIc5DAK5LmVbgHkE8fbCuQoFyYQd9euBYLODXhNMLgkw__,2600,6.161369499799572,true,T1CC51B82C6EAA203F26AF497B34423A051A7E3119B4091887F15597E57DC0DB9072FEAE,false
sha512-anzvBXUS0bYdV5587BxY34tdgVGuc5jUUGIi0WopbvhzpLVLUV7ozejVnDOqdjKm3qlOf7W0II__oq9FrApXww__,207922,4.000001497564597,false,T19C1470093DFB2062492BE57E8B6F414AF2318047250AE9447D9C479C1FA9D3492FFBE9,false
sha512-B0Hkw3xrrz48fKJsMySQUVuB1suO2N3q2EQgiuBA2POLQ2_4N6PiCTh8labnkzRO3j_rhvVilRxATsTPg8ggJw__,592580,6.161369499799572,true,T1B2C44A4ABBF675349243F039596FD809B235A49B2949ED003E4CA2E45F1583C86FAFDC,false
sha512-b1A5bzZiMaeIH8jciFG6nqkuQTkrV9WNN0QIOU3wJ8uABCpY1ZYPCMSNlmAelljPPxmq3a95Ud_sKtGbi1O16Q__,1501933,6.161369499799572,true,T163654BC972D1F062479771A8002F100BF276696D680D946CF768D4E67CBA989A23FF3D,false
sha512-bwpU_vJ1lhkFwhlMiUqbaCcez_WpCBZXxi4PMySGIoDevk0dXl2O_eaOr4tl8MGWuR3I8wh00ydmgVqYaXw4Gw__,1483289,6.161369499799572,true,T1E9654CC97291F062479771A8002F100BF276696D680D946CF764D4E7BCBA989A23FF3D,false
sha512-CfKYtupnUjuoNI_nZkfG9atd2mrs5f7xmybSdHzvAkf9TvoSJIwsoglQOnr0Or0b8RBp0K3_9lqQ3hZxM4cvQQ__,2040,6.161369499799572,true,T18C41209FD4B6003409EF14A66EC38646333B540BA849C808B9EED5190F82F4996EABD9,false
sha512-cSAbi6D3iYCP7F5hL0Mx7f1IGFT3ouUbZIHc3Vi_hiemiDE5eQoBA7ZMuWRGnVZm9HdWHe8TASSARoI1AhCgoQ__,252364,6.161369499799572,true,T18D342F49BAE275349243F039996FD808B276A48B2589DD403E4CA2E45F1583CD7FAFDC,false
sha512-d18yVJpIEeBoeaWU5jrcRU4HPfedHRYHtcYTEyVCt_QQqIQav4rJ0yIv2PssvD8ZiyXN2fUxfy0mmFsj1DH5Cw__,2012,6.161369499799572,true,T1F441228FD4B6043409EF14AA6ED3860633375407A859C808B9EED5190F92F5996FAFC9,false
sha512-D47r_Dd2mjkNGS4mRh79ifnrD_3RvVvxZ4_oR0hcKGXE3uLrnliEQNDlzCRylBjGaDFE_tUkFCYKNvgzidSo_A__,1484860,6.161369499799572,true,T1BC654CC97291F062479771A8002F100BF276696D680D946CF764D4E7BCBA989A23FF3D,false
sha512-d7D_I0OwJMhqBhM79ObRhBXromhDBvXRqwTfpT5gLxoQZv_xvTFif3ViVyFDE0Bl1ulr1S7RgzudrQQwEcVg9g__,372390,6.161369499799572,true,T1ED842D49BAF275349203F039996FD808B279A48F2989ED053D4CA1E45F5583C87B9FEC,false
sha512-diTt1qG2lfCI_uHMQwUNEp55Dp3nqtgWzkdBILnhrvHUABGmil6Lw1gXVvNNnYAhquDx88lEa1E1xx7nZLiUWQ__,34443,5.6842482450799094,false,T19AF219487BE17C3082CE31D6313F0A167772AA67985E2650E006C9A53F686C77279F7E,false
sha512-DOdJm5t4XNuTLYBbSHABAbgHn1sPQvE_r1FFUZiD9aUYbm_oE2_I9HmoIaWkCBAVRQBHPYMRGvKiNcG5IgAwoA__,2589,5.860339504135591,false,T19D51C62C2DAE203F16AF497B34023A05197E30197409588BF50896F17EC0EB50B2FEED,false
sha512-DUpBPaST_p2X0lM_iWV3ZSs_6Ikn_SRON0r9xGxmnCh98hClxubgyCbPdFU8KTlmuxgoXu2N2Y7aSsxQS8DRsA__,242057,3.4478789567056296,false,T17F34E9CA7361A4519592E0A661FF0207927B648A6808C97D752CD9CEBEBCC9D303FF74,false
sha512-E8hEpwW381_RI5FbskrPNZ4nhNuLg_7G0HwRrf5U3IEQnWumahTpei0VjezmR0pgJIdkbPzgxZZCcb8L5Ri6Iw__,1481118,6.161369499799572,true,T126654BC97291F062479771A8003F100BF276696D680D946CF768D4E67CBA989A23FF3D,false
sha512-eezDu74uF_TJ89O_aXQ7GQMPs4JuB6zSHTWqvNmi_ZMDrKjg_Wfk0_BtfFv3u5g9ZnwszKBWOG8r03ip9_lRCQ__,592533,6.161369499799572,true,T1AFC44A4ABBF675349243F039596FD809B235A49B2949ED003E4CA2E45F1583C86FAFDC,false
sha512-ej0kLri5JSpEebLCWgitOY1rlm_O73Rs131WrBx7f9zAGgmr_yLmKZhkcgZdQ3BhfD_fnziYKObeUZUkgEwKaw__,1479929,6.161369499799572,true,T16E654BC97291F062479771A8003F100BF276696D680D946CF768D4E67CBA989A23FF3D,false
sha512-eVhWCwV_nAaudrsAn3IQhRNw_wL6PmXSdTcvyf5JdmtiE5_dOYp66hUl4Kls7yB_yFN9Vg8aEF1qC4Vo8Al7Pg__,1480677,6.161369499799572,true,T1F3654BC97291F062479771A8002F100BF276696D680D946CF768D4E77CBA989A23FF3D,false
sha512-f0VnxeXPfz2XNT21KWON3q5rneSKyg35rHrUeDa9JKG9E0lZ1XQ3CswZtNCUrHZTmkXzNYWNDi1VHa8_zKXj_w__,1480263,6.161369499799572,true,T1A7654BC97291F062479771A8003F100BF276696D680D946CF768D4E67CBA989A23FF3D,false
sha512-Fb8i_ZYxLG1_j9VBOrLFqhr4r_yeFCOu6kIcdUzf6o__gDb2A62UPCvZDmPdwc_esIou5NEPC7_fGmdAI6MytA__,252356,6.161369499799572,true,T18B342F49BAE275349243F039996FD808B276A48B2589DD403E4CA2E45F1583CD7FAFDC,false
sha512-fLMtH6Ya5wByUu74XgX2DvC6fmjKyiuJk_LkuoNX1dL3F0FC4h_2Ymnyu5KWsOdtncqaEtI48POn_vOtzhh08g__,592580,6.161369499799572,true,T12CC44A4ABBF675349243F039596FD809B235A49B2949ED003E4CA2E45F1583C86FAFDC,false
sha512-fudlYDpSne3_MUPBYfDqdC3Wz_u8YgTorlUYYGEmBRaQSBPzcvYymb2NeCQgY3i14sy75oiSK_N6aGIrEZEZvQ__,372400,6.161369499799572,true,T1C1842D49BAF275349203F039996FD808B279A48F2989ED053D4CA1E45F5583C87B9FEC,false
sha512-fwrDntLbK93K23L1RGZH3idfY6rX7pfMaRFM858MRNbm72PR1VHz0d80v2bLNiaD0aCXyQYH6ap_X9fNpyMaLQ__,1702,4.746396151828754,false,T1273101E5BE567D35A173B5369F9F3B0629B796E30C818C051C11C8F04B7048BC455AEA,false
sha512-FZSc4Ph0LYGGfLKLNZZPHpwGXDoEh1s3A9zL3xfaRNcAkYPqu3mij3VsUOSznxn68uIeBjLyu2jwgf3yDrjj5Q__,1476770,6.161369499799572,true,T1B1654CC97291F062479771A8002F100BF276696D680D946CF764D4E7BCBA989A23FF3D,false
sha512-g1neDVV_3CKQiOhm9Y2p2h7C9Q7tA7SHGWChHmDohGX_GPerjyx7nsALMYm3UFm48kjHvBA6AczKU_WdzMGQmw__,372413,6.161369499799572,true,T1B2842D49BAF275349203F039996FD808B279A48F2989ED053D4CA1E45F5583C87B9FEC,false
sha512-g7sK1L5sSwp0IGKZEzT42Hfpy83Spk3HpTHwHvfT6i56Ojn6_Ttr_sPOGy8QWK0H2DdbjPgbdf9rBaAiMDaWLg__,592566,6.161369499799572,true,T17EC44A4ABBF675349243F039596FD809B235A49B2949ED003E4CA2E45F1583C86FAFDC,false
sha512-GJVsKl4VUjmazO_t7Rogtp3LNniKM_N0Xukgimo8ZuY0q_U_p_A6yUxQzqlFFn64FjS2cJMxkz3F4thBTVLAXg__,254109,6.161369499799572,true,T130442E49BAE275349243F039596FD808B276A48B2589DD403E4CA2E45F2583CD7FAFDC,false
sha512-GjyLXalV9_QTGNC2rDK_IHVay0n_DwoJBBOxjxBDqt_bdu0HBcX5KB1oaq3xYJHkBCqfsDuZSleVXWzsdmROIQ__,252370,6.161369499799572,true,T140342F49BAE275349243F039996FD808B276A48B2589DD403E4CA2E45F1583CD7FAFDC,false
sha512-h3OMthnO_BH0PSL1Br2zEt4rOxnyaeGG6_bqfFiI1xykqnew_Bb7rLrC0PSmigdeZ2x5KhFpfMSA9LKPcOpdMQ__,592567,6.161369499799572,true,T10CC44A4ABBF675349243F039596FD809B235A49B2949ED003E4CA2E45F1583C86FAFDC,false
sha512-hleiF2CJTn_4ZJdxp8A6wF7POToW1xWs7N07nJrHR0gwvfhbDcRv_PgzoAnIO7k0vUviITzhp_yqK9WIYVM5Dw__,372379,6.161369499799572,true,T1B0842D49BAF275349203F039996FD808B279A48F2989DD053D4CA1E45F5583C87B9FEC,false
sha512-hnZL2zvvNYofZILcEQgkImvFzvV5WvSOpnegxanYdPjYOHF4jzO9AEkCd_3Hny9B3O7XASVL2QAdpH9bMzL0Ew__,372380,6.161369499799572,true,T192842D49BAF275349203F039996FD808B279A48F2989ED053D4CA1E45F5583C87B9FEC,false
sha512-hUPRqoylPHX1xJK_8fnBXuOgovRQ0sooJpbiyNnWyAzNHnyVSIP0rO9_bR8xoF6TXFFwWQbz3SGBBzMYW_v_0g__,21504,5.6842482450799094,false,T1D3A2448DB5D2B4D80FA264EC411FA80BF1A75A7874AD94D1EFA2C1D4AC3589F9037F08,false
sha512-HYJUT74sduyGivWSONhqQOdinzcjjGCWu2Y7PW0R6CPp9_b8sCoggCpw2UfBkQRqUc7vrFbHuZMUS4yWV8oE9Q__,2607,5.5593095084716095,false,T15551B62D6DBA607F6627497F34026A052E7E1009740B1C87F14597E57DC0DB5832FEAE,false
sha512-I9V8Rx0htwrIjaTEcXpm09h32Q41uZJ8W5STaraMS1LN8Lf2zAI38V7dWBeAEaAKeefeO4mbT_9PCvcN1zUrdg__,592525,6.161369499799572,true,T173C44A4ABBF675349243F039596FD809B235A49B2949ED003E4CA2E45F1583C86FAFDC,false
sha512-iLU47j__jtcsFUc5ZABGTiO21e_pyGDHPNp6AYqHTLTzITunrLCgxWJaWj3SFGsyfudMdXQ3fqMdOVkFNKH38g__,372406,6.161369499799572,true,T1C1842D49BAF275349203F039996FD808B279A48F2989ED053D4CA1E45F5583C87B9FEC,false
sha512-Ip7NLiV78wq1DliaMoWLI6ySSftRTfpKEhkKPY5DLPaWhn_x_gM1sp0q4bbFkN_ck_tgbMxQZDybet_YD_IIFQ__,1499311,5.860339504135591,false,T111654BC972E1F062479771A8002F100BF276696D680D946CF764D4E67CBA989A23FF3D,false
sha512-IQHpgAcgESZ0NuYlgUqHO4FqC09_SEa_XrHfxGrpabVuNmLuhWL2dx3ZhJ5_NGPd5miCYl1g1UhIsDUKo2pVDA__,592512,6.161369499799572,true,T1C5C44A4ABBF675349243F039596FD809B235A49B2949ED003E4CA2E45F1583C86FAFDC,false
sha512-iqPgmagPhW5pT4EG7TfCLIeA9GAw3q385sYxmOrbnWlcw4pmfVvQ3DMk9b9biDCvfbzgBsh8GuoAmkToGhvXfQ__,592516,6.161369499799572,true,T14AC44A4ABBF675349243F039596FD809B235A49B2949ED003E4CA2E45F1583C86FAFDC,false
sha512-Iu8MLgZNbMud1hrP1fDRMjR9KNI1hHuSGKULY3xWnRLDoQ7aS3XHigA0F4Ywo8hMf5NtoUAz4_O_ph3Ps_ay9g__,592512,6.161369499799572,true,T1A4C44A4ABBF675349243F039596FD809B235A49B2949ED003E4CA2E45F1583C86FAFDC,false
sha512-J0H6bgOWIbk9ibLqD57EzlbDZVAAFwEyQG37sb0txGG3HYGHls2clD6I6fibcNIFc6E9pYREUpfeOf9lRDzagA__,8001,5.207126990360247,false,T129F1720D31261139467777BB97474254FB3DA0373501820ABF2D86842FB6D2482B6FEE,false
sha512-jhgYzMsyztYnmCM0G9HpJVjNd3iUBP093TX8Q8_WQ10Yc4PT_n6KDiwe7_okqIAkaSsDkc8c9ud0fYIUgjDfSg__,75318,5.860339504135591,false,T10873F989B6D2F07917B231E4405F550BF27BAA68B40D44E0EAA5D4D27C7488F81BBF78,false
sha512-jIvX088JZEfiCqgxDVa3yiuPnGjgXGb100r9jEXDF8BvFD2L1wX4l2UGD1an1JXaPqOV4ABmhLCPeXheXa9Z4w__,252378,6.161369499799572,true,T1B4342F49BAE275349243F039996FD808B276A48B2589DD403E4CA2E45F1583CD7FAFDC,false
sha512-JJpm2XhhiQlyiyjcj0qTR6ik2p66pZA2_z_usTuCyMCGfBYLHXuq0xQPtIIhTUj_skHFgjSYkWSB9OGDd1HEgw__,252410,5.860339504135591,false,T1A3342F49BAE275349243F039996FD808B276A48B2589DD403E4CA2E45F1583CD7FAFDC,false
sha512-JQn_zCx_8_6mGLkZneoCXIAj37dKMKBYb3TwlU3_70JQW0LGwwoZiUU5ZltZDWNJZRalFhMJofaR51dgA67J_w__,1499061,6.161369499799572,true,T1F3654BC972E1F062479771A8002F100BF276696D680D946CF764D4E67CBA989A23FF3D,false
sha512-Jx9cATrgsBVZQ8PxS4npUkOmuOGSfmHHiMKkTXuaIWNG6zc_91qb_sWyDHNcfg4Y6ApXdItUMqn_HtoGVR1l_w__,592547,6.161369499799572,true,T191C44A4ABBF675349243F039596FD809B235A49B2949ED003E4CA2E45F1583C86FAFDC,false
sha512-k01ucX2tSei9_dufRvpNRS_nuaW0f6zGTK8uvUbELbe3NzBsFiZVJCK_qNdr_KOo_29Go_zUBVPmFn9m8bFRTw__,372400,6.161369499799572,true,T115842D49BAF275349203F039996FD808B279A48F2989ED053D4CA1E45F5583C87B9FEC,false
sha512-kLwIxeMo2Ms6UHdWdSIAqtIxnYZKxxHeV1Sk8ThtJNnG4tXfSgmPv1gbiEiZyd_GU5h9it3RPIqYEzClCMfXYA__,1502521,6.161369499799572,true,T172654CC972D1F062479771A8002F100BF276696D680D946CF768D4E67CBA989A23FF3D,false
sha512-Kwiy55RWUUuqaBKs7WCKSZ_iIR_gFabV_24r5Z6c3tgTw2M5zGzfcpE3_zckQcWk5dPyUgar1EjjMuxmJNmDSw__,372390,6.161369499799572,true,T1AD842D49BAF275349203F039996FD808B279A48F2989ED053D4CA1E45F5583C87B9FEC,false
sha512-KwLYYHFj2iXj2j_QF7tNj_QB5fEmFQ5SL45duKGlmOKnORXj0B9v5vk4aTN_xo2DUCaNokJhQ_qUpe7rsOqFkQ__,1486256,6.161369499799572,true,T12A654CC97291F062479771A8002F100BF276696D680D946CF764D4EB7CBA989A23FF3D,false
sha512-KzBBtpgfnHqtV_WHQJG_jSwbyZeJXbLgv4lIR6j8eNO1N_elZv6jkXplN8bcfpJsfzLovvXer5eUHK_f5TZvUQ__,592541,6.161369499799572,true,T167C44A4ABBF675349243F039596FD809B235A49B2949ED003E4CA2E45F1583C86FAFDC,false
sha512-l_LurYKmIU4yVH0VeLBvLmSjkYttFo2pJWABgeWCdUVzkfhGeGD_NpV9PKQOpdO9zLvmEj5uj8Tk7ETK55n6_g__,252380,6.161369499799572,true,T17D342F49BAE275349243F039996FD808B276A48B2589DD403E4CA2E45F1583CD7FAFDC,false
sha512-lQd7fQExlW0KQM0ueyQcsEfQBLXloANddc6QB8K1N4anWGj8vEuiMt1BqNxaf5i4_9g2uBM0iJ8IFcPV3FvF_g__,252404,6.161369499799572,true,T13A342F49BAE275349243F039996FD808B276A48B2589DD403E4CA2E45F1583CD7FAFDC,false
sha512-M80hCMTIvDIziZACMDsAiLYwX75CMHWlFxXlAmkkeSg_NXHq5Dih3aQ1IecUHYUE96dKpHhNaMKfxSkfxNC_mg__,252388,6.161369499799572,true,T12A342F49BAE275349243F039996FD808B276A48B2589DD403E4CA2E45F1583CD7FAFDC,false
sha512-m9UHtRvGaJdJSQVFweAu7FhN9Omz1uHhqE2szzzNDQNEhfLrbrCfjLKdoU10SJnH5vSXQLx23TaTKprrVoJksg__,75583,5.6842482450799094,false,T1A873F989B6D2F07917B231E4405F550BF27BAA68B40D44E0EAA5D4D27C7488F81BBF78,false
sha512-mN1k4lO5OPaE5PeJQrhTn4vA9CWwK6E8_trqzpU0_PtSE4fKKH5qe1UwCONypTI2yPuxXHUKqvnbcBh7GgAf0g__,1486780,6.161369499799572,true,T120654CC97291F062479771A8002F100BF276696D680D946CF764D4EB7CBA989A23FF3D,false
sha512-mUMVuxVcQ6W7G3qDnMIDvHqqMrbcDPWj_SxYp6YG6X7ccXzJOq8pdEYXyMmUna4n91Rjf4x5281_iPrGrWQgCQ__,1513824,6.161369499799572,true,T175654CC972E1F062479771A8002F100BF276696D680D946CF764D4E67CBA989A23FF3D,false
sha512-Mx9cleAqttVE_3TxTwRpgdpcOB36NsTSSy_T6VgkncMU6TXMU_eVanfEdc_lBViuTIRCdfCb96WuLRQTqBydgg__,592542,6.161369499799572,true,T1EEC44A4ABBF675349243F039596FD809B235A49B2949ED003E4CA2E45F1583C86FAFDC,false
sha512-n1iXLYrYfC43EjeGlNiusmPQy2GYN43qPFlg7ex5_pfig5wHD6HhwaM9N9XmtZKLTaMceM8_SzpHXpOyl32qdA__,592546,6.161369499799572,true,T10BC44A4ABBF675349243F039596FD809B235A49B2949ED003E4CA2E45F1583C86FAFDC,false
sha512-n5ahmZzKWvHgSKxOiqirH6jIic1kV9YCWvtN9Y_cl3y12GqJXkMk5Sy_bBRcFQuHrCaX3iMMr7XLsIV9ADA_xw__,30738,5.383218249415928,false,T17DD2F7487BE17C2482DE30A7313F090777B26916985F2150E40AC9A97F686C772B9F7E,false
sha512-NAWWfIljT1DNngx_ekCd1_q_3Q5ZhLSnwDsBHDQEY6IqUywskwg2HJKXYMnuMBq_oCCyOCyEfhVu1x7V_DYi9w__,592549,6.161369499799572,true,T11DC44A4ABBF675349243F039596FD809B235A49B2949ED003E4CA2E45F1583C86FAFDC,false
sha512-NAy8Fp3mT5CH_Xp3eSfT2cUBqmmapSKzQTJJl_m2Wzd2t257a5nVwjbMjmdiHeFc9p3Ij22yOTFKpWXGQkHBKQ__,372385,6.161369499799572,true,T173842D49BAF275349203F039996FD808B279A48F2989ED053D4CA1E45F5583C87B9FEC,false
sha512-nSHkHzsmRMuvEpTImWlZe5KM5S_G1PkPDQcKEmsr_IVUu9fBnAvl_Dwe7gu_e9Op0Dyhn4C8WAPYO_vMz_VvlA__,2954,6.161369499799572,true,T14351AB69F4FA01A090BB7A7839BF584826B3155B3018DF147E9E7F404FA88346A677D8,false
sha512-NwUO45m5zvNCgx53eL3VSnt44IL2uqpahoZeDBCrFFzF5a5OnMYHY7hzz_SuAr_y1NybwiD3J09TU7Nk3UrQZA__,1501577,6.161369499799572,true,T12A654CC972D1F062479771A8002F100BF276696D680D946CF768D4E67CBA989A23FF3D,false
sha512-O7v5EwLqOXx3JUHZGkwCg7yTe8vl9g0EsbPYhGvF9JlvLJ1FQxYsXYDwTF_5qynaUsjEua0xiITg2hbtSTOURg__,252377,6.161369499799572,true,T17F342F49BAE275349243F039996FD808B276A48B2589DD403E4CA2E45F1583CD7FAFDC,false
sha512-OCL1NaI6blEOVrKo6Q7xs2b9uvttZBPRnt_igroD2o9QjYb_eWtAclLE_FKrpmF93dT_nSCrLq6UjmFEc06CmA__,252388,6.161369499799572,true,T132342F49BAE275349243F039996FD808B276A48B2589DD403E4CA2E45F1583CD7FAFDC,false
sha512-OCpjWFYRfkk8ch0ZPoXDbiiEhmF1bWq3RjGrQx2SAIoefdU3yxSWHKLjekmOLYVSszM6gZzVFFKRYFAvxs7CkQ__,3582,6.161369499799572,true,T10671BD66F4F650A165B7B6386ABF155832B2411F381CEF287ECE9F440F7C42865A23E4,false
sha512-OJMVjCjFtKORXJZjvRtlC0jMm__3geCzBp1Tz_hiQrbhjmPafRAED5asjkBgg3w13p7dAAjpnNHFqmnOmuODOA__,1490009,6.161369499799572,true,T150654CC97291F062479771A8002F100BF276696D680D946CF764D4E7BCBA989A23FF3D,false
sha512-ORVpAzvqmNSMSJ_wgUQ_x1z0palBgddYz7PxVIs36ujyOXzjqj3Xw_QDGXsQO_vd8APzA72li6xd5ZQ1b9bmsw__,372358,6.161369499799572,true,T185842D49BAF275349203F039996FD808B279A48F2989ED053D4CA1E45F5583C87B9FEC,false
sha512-p5sgpqiu0GRpCKN3BMQ126zIfhx1FnYlgCSd6wpgu4zcsCYrh3JzTrgw2iOZY3QqKCFU5vM_e5m76Ih_L6uNvg__,372361,6.161369499799572,true,T17A842D49BAF275349203F039996FD808B279A48F2989ED053D4CA1E45F5583C87B9FEC,false
sha512-PdgidMXe0UKuRrxKo7rCpOWE36IV5o0tcA_BzcXeW8iIoeK8fWHyhCnbGXxAsLE4XTDI1ZYRmG29NfR0Byxylg__,252376,6.161369499799572,true,T1F6342F49BAE275349243F039996FD808B276A48B2589DD403E4CA2E45F1583CD7FAFDC,false
sha512-PIh2bjnFwOHlatQOCGylQhJxw6nC3vDy139F7RH_8_ssAlc9OWwckrYaOk_8WMVzwEJmKQioIF1ho0XkHDGiag__,372385,6.161369499799572,true,T157842D49BAF275349203F039996FD808B279A48F2989ED053D4CA1E45F5583C87B9FEC,false
sha512-PuPcCM6sjQL_yS_hv1fNodbiN7i1g6MltMwmmMNv1cWukygfm5DhB5k8CTSXX7CZkljNBnxR4pn91Q8CoGJwJA__,1486780,6.161369499799572,true,T105654CC97291F062479771A8002F100BF276696D680D946CF764D4EB7CBA989A23FF3D,false
sha512-pV9t_DU4M_y34jNzK6Tv6PAFRq0_ezlAkBzjRfNJ6DKYvhXvVZ_rV1DF95PZdax_ENcPJcbfBTrkTw5ud6NHeg__,252385,6.161369499799572,true,T182342F49BAE275349243F039996FD808B276A48B2589DD403E4CA2E45F1583CD7FAFDC,false
sha512-q8zC_HKlBOMisF31UmlWjr2_jB2hSJa24uPlz3wWVmVVpIcMS2ZmRKHdKWt11c3nIHAMkUIDeVL2apyg7hcvFQ__,372380,6.161369499799572,true,T173842D49BAF275349203F039996FD808B279A48F2989ED053D4CA1E45F5583C87B9FEC,false
sha512-QCZphd0yT0pus3bUw_hXa8HXZ3aSOfIAyUECSTkh7eI3yux_BytYiXRvArpCmAhhkAO_ARmBCliz4_BAYGe5Jg__,592528,6.161369499799572,true,T1E5C44A4ABBF675349243F039596FD809B235A49B2949ED003E4CA2E45F1583C86FAFDC,false
sha512-Qek4A2hP6aWKKt3zzH_JeaI4sjCG2JLeHvw1NF1_Fthze5_zj6sUS4LKt0KwBTWo_o32txQjfG6l01jo_sYshg__,1499835,6.161369499799572,true,T1E4654BC972D1F062479771A8002F100BF276696D680D946CF768D4E67CBA989A23FF3D,false
sha512-qhUSlTFxRwz_yXshbYiRUyCAPH9GGEVUg2yH50sSyMR7tO6EsbfdfqB_P7H5v4HbbRjcSpMwVzmba3q9Axw3eQ__,252374,6.161369499799572,true,T1C0342F49BAE275349243F039996FD808B276A48B2589DD403E4CA2E45F1583CD7FAFDC,false
sha512-qPxaz7t7qGsbumWvbtzoyw0lOulWzh7gUJqelEZvP2ASKRcS6nEawywRrv5k1o9KeQMgwguH4Tz8lXbXf8svKg__,592580,6.161369499799572,true,T121C44A4ABBF675349243F039596FD809B235A49B2949ED003E4CA2E45F1583C86FAFDC,false
sha512-R1xPJC5cReQ5SUqdAjoo7F4tA9OxwdQ8jQesnu5yh6Iw6NUaRD2Q_mjsL9bZkhLDgOF5rPTF6LRRBISjr7lHRg__,252378,6.161369499799572,true,T127342F49BAE275349243F039996FD808B276A48B2589DD403E4CA2E45F1583CD7FAFDC,false
sha512-rJ5_ITBQF6QrqHiWHaVvBzDlolcCNzirwPezzxjA59aFtS4DBOUsk1VBYdOAToI3F8tjiMEeXV6P6F1TOeoyGg__,3602,6.161369499799572,true,T10871EF96F8F605A5917B7A6C69BF984862B2110B301CDF143E9E7F404FE88345E937E8,false
sha512-RU4pnmh4eTMKJg7ezdj6WrRI4iH5YlCFH88WOYtSxPd6SY8AuGHa0pUo0_kqCUFBbZmwRnOBgD5uTC_YAzgtBA__,372396,5.860339504135591,false,T160842D49BAF275349203F039996FD808B279A48F2989ED053D4CA1E45F5583C87B9FEC,false
sha512-rYARvLb_hfKRZf9O45_ca2Zzl1xeMUIGzneHfUDHnEHka_4bpWaI_mzVm36ceHnHKeXFMGRcwZ9_B3P9a1vjNQ__,22878,5.6842482450799094,false,T1EDA2538DB5D2B4D80FA264EC411FA80AF1B75A7874AD94D2EFA1C1D4AC7589F9037F08,false
sha512-S_HO7FH_QbUOWM8AkTikPASU_czuL2AHUnb__EkU7PljTKEiZAtx0HQIb6YNdT02ghNJfNAiJqnwnjK317EmEw__,103399,6.161369499799572,true,T11FA3E7CDB2C6703257B771B900BF510AF136199A284D8410F16DD8E5BF78A4A827BFAD,false
sha512-S8cu90xNUDntyVGYI95R_yCeCBJL8AgxxuTfWI5bO8VNfnk2cMptwOCzQzZkELHMgYbBniPrTzqnZ37ySzpMEw__,372399,6.161369499799572,true,T126842D49BAF275349203F039996FD808B279A48F2989ED053D4CA1E45F5583C87B9FEC,false
sha512-sg_S2jZiOjIy0fy_FeA77_ezGl5x6OaNeqkvYFOiq1QeUKtbQd_H5PR0QenAK_fenrPKMZaRSslNAlCJJ7z6Zw__,592269,6.161369499799572,true,T1D2C44F4BA7FB14B9D113B03D8F7FA808B275400B690ADD59394C92D05F6942C4ABEFB9,false
sha512-sILQDNMREYPEoaofSlhSbL0gmARwvWeMofjLs5g0ntRxzUwIwhG9YeqZLAR8k2AcR9aHCpDCi7wQ6_4OpUfMmA__,252388,6.161369499799572,true,T17C342F49BAE275349243F039996FD808B276A48B2589DD403E4CA2E45F1583CD7FAFDC,false
sha512-SPncLOmQQcN7_W5y6B_YMf0ZHwsh9MylEMa09xHST8UTJ36qR86JPrmcWJpMidkEkWJGUD7uqIIiFXI_yllFMQ__,372413,6.161369499799572,true,T1E4842D49BAF275349203F039996FD808B279A48F2989ED053D4CA1E45F5583C87B9FEC,false
sha512-STp30E0lsIhrrbPmd5_0HpCeF4WI1lji2JllwRwc6oqoqh0Z0kgTE_vMWmODXrm3cWfgam6xs_1cbKqtvplLlw__,252380,6.161369499799572,true,T1F5342F49BAE275349243F039996FD808B276A48B2589DD403E4CA2E45F1583CD7FAFDC,false
sha512-T5mNRKfSJCyx_d0R0xpnT6jWtEtTcnqq_Zv0omY_ECOMU45Is_jjzhpe2Fx5mk9e9TL1Fvmurg_VYJ9GPP84_Q__,252372,6.161369499799572,true,T125342F49BAE275349243F039996FD808B276A48B2589DD403E4CA2E45F1583CD7FAFDC,false
sha512-T8wXXsX8muosPcf6yL4uf8Henp6PXT8Ac8CPGYdnSA0K8qlyhDsTpEmiIyhqRu_NH3XM7J2Ga3B5PbzU0MWQIQ__,372347,6.161369499799572,true,T190842D49BAF275349203F039996FD808B279A48F2989DD053D4CA1E45F5583C87B9FEC,false
sha512-tBWNDLewZzOc9i61Sd78Hj2NMk4yu0C2BuHE1y51ubRSoIHN5rruI6aewkYdWbO_X0Z8INSzJLzheH0bJgudfA__,32578,4.428975739976603,false,T1D0E20848BBE57C3482CA31D7313F091677726A52685F2150E00AC9A53F686C7B2B9F7E,false
sha512-Tc0i_vRogmX4NN7tuLbQfBxa8JkfUSAxSFVzmU31nVdHyiHElPPy2cWfFacmCJKw0VqovrzKhdd2TSTMdAxp2g__,80821,3.7757632262012595,false,T12383B5593244B8730ADE85B68037430BF2265998B14B812CB57CADDE2A7DCC67277F78,false
sha512-TEteuM_579nVRPhvGi8QbtpaLHVlrpDrNUA2cxBJ7IUNf1W6D1MnMSF89ArSGEC77FJi7b3JLmToA3xVNRa_zQ__,135984,4.003007007704322,false,T151D3524A3EFA2433456BE47E5B2B4147F2258487350EDE98789C0BDC1FA946052FEFA4,false
sha512-ThVlukaScU8obC153VHiyLC2Qtk4aGkTcU45CNHddg0QEB_PQIFmTCSt9RyTp6f23Sd1Fs5FHsujGKJn77ttFg__,252385,6.161369499799572,true,T115342F49BAE275349243F039996FD808B276A48B2589DD403E4CA2E45F1583CD7FAFDC,false
sha512-tp813kH83F_PZ21YvuDjRSfVnD5lOMQ_5WamkchsmDm9cdEQk9gVrvfzpsxrYGvJPoKhm2_O4qRyIJSfj8ZqMQ__,372337,5.383218249415928,false,T140842D49BAF275349203F039996FD808B279A48F2989ED053D4CA1E45F5583C87B9FEC,false
sha512-ttRHEtlDf7ekIFemJsQWRQ8OpIloQ0kRDjOu7VrUjHvIz_1JsqE1bIJUQmGhrkR49CzogXEqCpUsoc_oq6sW8w__,252382,6.161369499799572,true,T132342F49BAE275349243F039996FD808B276A48B2589DD403E4CA2E45F1583CD7FAFDC,false
sha512-tWBFA_orcI8ClJDfZCUD63hKEGWwONo5XWGvNNL2dtKHgWKBrV8EWJwwOBsJVY7_CjwH7LrS84clmlxQTQZhHA__,21783,5.161369499799572,false,T14CA2448DB5D2B4D80FA264EC411FA80BF1B75A6874AD94D2EFA1C1D4AC7589F9037F08,false
sha512-TwJf7g_gCd_L9zS5vMYUtNk70TI1ryxMq6W70FXga7CPX1ES6Djt5CRbwJH9nUGahUSuy7RXQ0BTtsfIZU8hYw__,1490016,6.161369499799572,true,T15D654CC97291F062479771A8002F100BF276696D680D946CF764D4EBBCB9989A23FF3D,false
sha512-u29TNH9kdzACXnb_Nvr7DBbYsKifcGe_dV3ni5KHwe1um5FQ6ie98OdV6wXujTdOEuo_s2se_SgU7P62YxRROA__,592557,6.161369499799572,true,T11DC44A4ABBF675349243F039596FD809B235A49B2949ED003E4CA2E45F1583C86FAFDC,false
sha512-vaL9NUGMhcMhJ4uiJ3K_09y67EiNOD9OUp8IwrGS_qak6XxRZKBU0x9XTlcC29M_b9kJ0kymcqqtkE6en34VoA__,76412,5.6842482450799094,false,T1F773F989B6D2F07917B231E4405F550BF27BAA68B40D44E0EAA5D4D2BC7484F81BBF78,false
sha512-vC_5RbEgpEZDOktPGrdA6dKAOYVhGR8MEm4TdgH_3oJRR6iHh_DA8qdp4QCMcjLIl1rQCWT0jKd0vc5eMD_nWQ__,252392,6.161369499799572,true,T104342F49BAE275349243F039996FD808B276A48B2589DD403E4CA2E45F1583CD7FAFDC,false
sha512-VFClYH6vUJMY_gVcFj_a1sONhcuu0AkNUZXHlqOW7k_kYGQSbRQnfUov_QkYqaWpxXUMv8h2HFo87iHQ3byRjQ__,372385,6.161369499799572,true,T167842D49BAF275349203F039996FD808B279A48F2989ED053D4CA1E45F5583C87B9FEC,false
sha512-vjzfbgAAqN_10QzuCezUZKV_aiDfq4Kb2tU_DQVLwIxWSPQNLJdeotKI_soYy_WBxelRA6ICG0Z9vc8gjGbBtg__,2614,5.6842482450799094,false,T16151952C6DBA207F6627597F34026A052A7E1509740A1C8BF04597E17EC0EB5832FEAE,false
sha512-VkzWIF5wneVbq9LgtbwMaEh1REqr3ZK7s_LgJAH2kU1mwdf0sYi7FscXSM90ry8ifmWReyEnPMRj_dTD5joVAA__,149016,6.161369499799572,true,T1B8E3C58E42AB14E49117F13E9BBFD80B66B140176D0EEC8F395C95D08F1D42D12BABAD,false
sha512-vuksdzAuDcWwkZyPrENfRfDp14sKBzso0Q_ut5VR10AJRPP7KoJBAA1N9zX1zx1EkjgMBmU1j2qJGqf_uqXXig__,592552,6.161369499799572,true,T1C9C44A4ABBF675349243F039596FD809B235A49B2949ED003E4CA2E45F1583C86FAFDC,false
sha512-W7wGw3TYNX2c7Ipcdh77XM2HfZefI487NNKhUzv8mm1oYknZQnZF74lLToLDZA0kUC_G1aWoYMCcypgpJAxDhQ__,592557,6.161369499799572,true,T1E5C44A4ABBF675349243F039596FD809B235A49B2949ED003E4CA2E45F1583C86FAFDC,false
sha512-WbV0U_WR1NwjJVbpM9R6MCJJQ8rJQjTwAAownbAm_Huk795c6bJt5T6xyMHef9emHl2q6Ma0uQ4IsXRGLLGBNg__,252394,6.161369499799572,true,T1B6342F49BAE275349243F039996FD808B276A48B2589DD403E4CA2E45F1583CD7FAFDC,false
sha512-WHrD2qyWwHEWKPPpIlPjbj_LZBBxMu7dH8D80ZD8SrdwTuv_wDK5YTxAycSGyH7xox3APGVelCvVjkapaNovvA__,592573,6.161369499799572,true,T10DC44A4ABBF675349243F039596FD809B235A49B2949ED003E4CA2E45F1583C86FAFDC,false
sha512-wkjd79KbKk1HovskrZHDXSgCeJaEzQB5fHf81ir7doCoU1LGHwprRFXVfSZ5k0ujB2QY0nkTPy6g_EKKhkwE2g__,62819,6.161369499799572,true,T18053539A67FB15A59167F13EDF7FF40861B2014B6806CD1A344C81D48F1A83A42BEFAD,false
sha512-WKKICDl8jDAHiENY3JlZVis5JcqRt41Ke_zCNKITI1kF_N4_JNatxzyEYvqTZGkeSDIR39GxCuzQTboBOP8tfw__,2604,5.462399495463553,false,T14B51952C6EAA603F16AF497B34427A051A7E30087409188BF54597E57EC0DB90B2FEAD,false
sha512-WVKDVHRcGa_EhryoOucxnXjj1d9iOvn6SFGB9BXflId5OVQoJqi_gkAE3HFSgW_EWFsJe0AKYmCoEe5o4g9zaQ__,85030,6.161369499799572,true,T1B483F989B6D2F07917B231E0405F550BF27BAB69B40E44E0EAA4D4D26C7484F81BBF78,false
sha512-wwsaUfw4wMu6dIDc376i6c0wUeqMHrchdK5Gk9jicVDWqA5a2fJ0NFKfG8wmVvrz8le16wc3x13Mxh1cm_Dtaw__,372374,6.161369499799572,true,T155842D49BAF275349203F039996FD808B279A48F2989ED053D4CA1E45F5583C87B9FEC,false
sha512-WXeQb5CnTBN0nd_N1bc5zPmg9Buq9pjEhmrfwTTZkV7d7mHPl2iuymqmT63TY7MLQ_wg31ulksFFDGL3rYnkmA__,372345,6.161369499799572,true,T128842D49BAF275349203F039996FD808B279A48F2989DD053D4CA1E45F5583C87B9FEC,false
sha512-X_xpXX5_ywJQpxZmUAPnm49uOEnXgLKEcAv_n19BFDFSF9j2aAcwycf6usd9x_o0HVLk_t02RLPYC9_RpLhyug__,252380,6.161369499799572,true,T197342F49BAE275349243F039996FD808B276A48B2589DD403E4CA2E45F1583CD7FAFDC,false
sha512-x7s3jJFvfw69TQeRfoi5WndZNzD08NUv0s9QsRBfhqL_jQwVtxD1BjYEN3Y3Mr1ePV_EDArW3yDOTWtokoyXxw__,592516,6.161369499799572,true,T1B2C44A4ABBF675349243F039596FD809B235A49B2949ED003E4CA2E45F1583C86FAFDC,false
sha512-XBrIdOOAt7USK9yvKF788Mm_qSIU4ZRZqTn9NEyrBYbvwpBu_It7UvPPKeqpmMK_BUAGnM8euMQAEJuZRF4MHg__,1477999,6.161369499799572,true,T16A654CC97291F062479771A8002F100BF276696D680D946CF764D4EB7CBA989A23FF3D,false
sha512-XFD7vbPFZdWds6ic13_RcH_075uX4U9YQFkzGrLGGKnHMuGn6g3njb16nMuwX0DUUmyznBfoycCdzibPo7SIQw__,2525,5.383218249415928,false,T18E51A56C69AE603F16AF5A7B34423605197E31187409588BF10986E5BEC0E690B2FFAD,false
sha512-xfolpgcMSXGl_BHb2qiKrzLgJjwHtY01BCVMxPNk8lu5XdesyLP__4tBru_F3scxQdH3Z2ppGszqXszxbvVB5g__,372382,6.161369499799572,true,T1F3842D49BAF275349203F039996FD808B279A48F2989ED053D4CA1E45F5583C87B9FEC,false
sha512-xg42ulbgD0Us86S_Bcxr94QAg6QfzZqpMIjQFqsn5Ql8FyAObiXbPQIi7_MVzRwMehFZLrjrAV2Lkv0yqR0JHg__,592547,6.161369499799572,true,T1A1C44A4ABBF675349243F039596FD809B235A49B2949ED003E4CA2E45F1583C86FAFDC,false
sha512-Xywh0x692_2eJ4gU7CDqncRsBrf3V5eINuvMlEGimEWEMBEHxrJOnbICKC6klS8d8mayZO2UtshiaCRH9vbIxw__,372366,6.161369499799572,true,T1F4842D49BAF275349203F039996FD808B279A48F2989ED053D4CA1E45F5583C87B9FEC,false
sha512-XzQ4OLe1_WUtNFrSejZdOST2ZAPwSxgBx7QUjz1i33zmc2Y_ycgOTX9L7MOe0BroM8ngshGKbNAKILPZIVKfxg__,1483759,6.161369499799572,true,T117654CC97291F062479771A8002F100BF276696D680D946CF764D4EBBCB9989A23FF3D,false
sha512-yaXo7ZpVlZx_6mjCDIaoBXUvqzGqwlHCOdnRhJHUa7gccpXBO8jq8mL2GpOBS2waVMRhvC_BcJZK03TgF2t1iw__,372349,6.161369499799572,true,T16B842D49BAF275349203F039996FD808B279A48F2989DD053E4CA1E45F5583C87B9FEC,false
sha512-YchzPz5hLDGLz9XxDwwQ18HLtUtxAIUR4kjNBlYkbT92pbyfgsB0DgJJ8vVPzPlPcaVkCvayuQOwrCRaZIgoWQ__,372341,6.161369499799572,true,T1E4842D49BAF275349203F039996FD808B279A48F2989ED053D4CA1E45F5583C87B9FEC,false
sha512-YEwduYPAHypsf12nhJUE1KdVstPTR0zlCcv_cbz_AT_lulFzXn8OHrNkdHUXBDT3r2UEAdQMPWQfomq_sRvj3Q__,1489977,6.161369499799572,true,T1CD654CC97291F062479771A8002F100BF276696D680D946CF764D4EBBCB9989A23FF3D,false
sha512-YHQYwfpATA4Dfp_IR0qC8YyFMHeceOOxyBrFifGYwgp3dvV_t_IKDX1vk9eC8q97keB7Lmdxf3VDhSoaIbXo2A__,372349,6.161369499799572,true,T136842D49BAF275349203F039996FD808B279A48F2989ED053D4CA1E45F5583C87B9FEC,false
sha512-Z2xM_dD85EtVQ2MHz5lA5UxSab88Q0GByGpzN8WK65UZsbdpjO0DtTps8R8ulCBXKyhOwnqSyrKJ_knBtT41bw__,1478161,6.161369499799572,true,T10C654CC97291F062479771A8002F100BF276696D680D946CF764D4EB7CBA989A23FF3D,false
sha512-Zfe_E6SoSSY82Gofd6FBYbH9k0qb4avao18fVEf412guhwQORoYuXSOcGQX4fp1ltYKW6Q0QE_XNYUBMy_2VXQ__,372375,6.161369499799572,true,T16A842D49BAF275349203F039996FD808B279A48F2989ED053D4CA1E45F5583C87B9FEC,false
sha512-zhlv7baLCl9R654_U0rwbJ1ObTEW8ivlQG01dPIdAfzFJlmagqyWxRgfZntDZ_RptPI9n_zCx17LmxgygVGXjw__,253830,6.161369499799572,true,T14B442E49BAE275349243F039996FD808B276A48B2589DD403E4CA2E45F1583CD7FAFDC,false
sha512-zKeerWHHuP3ar7kX2WKBSENzb_GJytFSBL6HrR2nPSR1kOX1qjm_oHooQtbDpDBSITgyl7QXZApvDfDWvKjkUw__,60775,3.9911077844046146,false,T11053A6563244B9330ADE84E68172430BF7155D98B547816CB5BCACDE2B7EC827273BB8,false
sha512-ZNNLOf68ntbmQ4qag3Vp7yNe9BM_CAlV5pqDny1jZM2K5Tx24W_kKWpnXAokoyHWBtlxbEffGN6tHomMgFu4ng__,22599,5.6842482450799094,false,T145A2438DB5D2B4D80FA264EC411FA80AF1775A7834AD94D2EFA2C1D4AC7589F9037F08,false
sha512-ZQrQMIDKAWfpV8MdPmaJ3H2eaLMgpqkF2MI64Qyxtuj_ZjebyaGlvKX63Am8LlRwGWJ7CgIOYmQfqel65YlcJA__,91385,5.860339504135591,false,T13A9318DDB2C6702247A770B9007F610BF236199D684D8450F269D8E9BC7CA4A827BF7D,false
sha512-Zvc2rJvd_uhZlRh92Sa3LLJRaEnbK9S5pmeAN2QOm4Y7SBcjtBxbwrNjeFZwpgsvl7a9en0enyJdADj5UfrqzA__,592566,6.161369499799572,true,T1CAC44A4ABBF675349243F039596FD809B235A49B2949ED003E4CA2E45F1583C86FAFDC,false
sha512-zXrTKRu681OgVr7POnLJgL02OtBAwnlET0jwhvN9vcfMlJGwsRDh8vM_ykM6VdIG2GIcnb5Wj_BZpXtmhmh_yA__,372365,6.161369499799572,true,T173842D49BAF275349203F039996FD808B279A48F2989ED053D4CA1E45F5583C87B9FEC,false
sha512-zY43AHKZ7MFllOkGnxIf3xsHVqkjnWyqdlZnVGcackDgGYYAGqQLkY1tG8qe9VlPTPhDApCz69S0M1Gp_0bmcw__,372413,6.161369499799572,true,T158842D49BAF275349203F039996FD808B279A48F2989ED053D4CA1E45F5583C87B9FEC,false
